Date,Time,ID,Lat,Lon,Alt,SSID1,MAC1,Frequncy1,Signal1,SSID2,MAC2,Frequncy2,Signal2,SSID3,MAC3,Frequncy3,Signal3,SSID4,MAC4,Frequncy4,Signal4,SSID5,MAC5,Frequncy5,Signal5,SSID6,MAC6,Frequncy6,Signal6,SSID7,MAC7,Frequncy7,Signal7,SSID8,MAC8,Frequncy8,Signal8,SSID9,MAC9,Frequncy9,Signal9,SSID10,MAC10,Frequncy10,Signal10
2017-10-27,16:16:45,NRD90M.1928188_904.2811,32.16766121892341,34.80988155918773,39.018065819940986,BezeqFree,6a:12:f5:f9:5e:71,8,-96,HOTBOX-72B6,7c:03:4c:ba:bf:55,6,-94,tslila,c4:3d:c7:5a:79:1c,11,-93,LANDAU HOME,74:44:01:33:c7:56,1,-93,888Corp,0a:8d:cb:6e:71:6d,44,-93,DIRECT-A5-HP DeskJet 4670 series,fc:3f:db:7e:60:a6,10,-90,Ab,90:8d:78:54:d9:69,10,-90,888Corp,0a:8d:cb:6e:71:be,44,-90,888Corp,0a:8d:cb:6e:71:bf,44,-89,RS_GUEST,ec:08:6b:38:0d:dd,13,-88
2017-10-27,16:17:01,NRD90M.1928188_904.2811,32.167671222901205,34.80992484668563,39.29407685136998,888Free,06:8d:db:6e:71:26,6,-96,888Corp,0a:8d:db:6e:71:26,6,-95,,02:8d:db:6e:71:26,6,-95,Efrat Networks MM,94:f6:65:5b:b2:28,5,-94,KaymeraDev,cc:16:7e:97:1d:91,1,-93,888Guest,02:8d:cb:6e:71:bf,44,-90,888Free,06:8d:cb:6e:71:bf,44,-90,DIRECT-a8-HP M477 LaserJet,aa:6b:ad:04:c6:a8,6,-86,888Corp,0a:8d:db:6e:71:be,11,-81,888Free,06:8d:db:6e:71:bf,1,-81
2017-10-27,16:18:38,NRD90M.1928188_904.2811,32.16752947325414,34.80970275770306,44.784206538209546,HP-Print-f3-LaserJet 300,64:27:37:77:d1:f3,6,-95,INGENEO,cc:b2:55:e8:4c:e6,6,-95,iFOREX,f8:d1:11:b1:92:93,13,-90,lavel-2,74:da:38:ae:91:7b,2,-90,Efrat Networks MM,94:f6:65:5b:b2:28,5,-89,888Free,06:8d:cb:6e:71:6d,44,-89,888Guest,02:8d:cb:6e:71:6d,44,-89,Guest Neetwork MM,94:f6:65:1b:b2:28,5,-89,lavel-2,74:da:39:b9:a7:bd,2,-87,888Free,06:8d:db:6e:71:c1,11,-84
2017-10-27,16:18:50,NRD90M.1928188_904.2811,32.16689631014436,34.80888987334706,42.95830812528492,888Corp,0a:8d:db:6e:71:26,6,-97,,06:8d:db:6e:71:be,11,-94,888Corp,0a:8d:db:6e:71:be,11,-90,,02:8d:db:6e:71:be,11,-89,888Guest,02:8d:cb:6e:71:bf,44,-89,888Free,06:8d:cb:6e:71:bf,44,-89,DIRECT-a8-HP M477 LaserJet,aa:6b:ad:04:c6:a8,6,-88,888Free,06:8d:db:6e:71:bf,1,-87
2017-10-27,16:18:53,NRD90M.1928188_904.2811,32.166882698884585,34.808879325364,42.88970818374659,888Corp,0a:8d:cb:6e:71:6d,44,-95,EL5,14:ae:db:3d:b1:55,48,-94,Maxillent_Guest,a2:6c:ac:60:6c:8b,3,-94,Rainbow Guest,a2:6c:ac:f3:6a:69,5,-93,Maxillent,90:6c:ac:60:6c:8b,3,-93,FlixU,cc:b2:55:e5:ce:f3,6,-93,BlueSnap-Guest-2.4GHz,c0:56:27:a0:6c:9a,3,-93,HP-Print-b7-LaserJet 300,34:23:87:36:c9:b7,1,-90,888Free,06:8d:db:6e:71:6d,1,-88,Training Room,8e:15:44:ac:d4:e4,6,-88
2017-10-27,16:18:59,NRD90M.1928188_904.2811,32.16690260644389,34.808596256222685,41.92228608379519,HP-Print-f3-LaserJet 300,64:27:37:77:d1:f3,6,-95,INGENEO,cc:b2:55:e8:4c:e6,6,-95,Efrat Networks MM,94:f6:65:5b:b2:28,5,-89,Guest Neetwork MM,94:f6:65:1b:b2:28,5,-89,lavel-2,74:da:39:b9:a7:bd,2,-87,888Free,06:8d:db:6e:71:c1,11,-84,888Corp,0a:8d:db:6e:71:c1,11,-83,,02:8d:db:6e:71:c1,11,-82
2017-10-27,16:19:06,NRD90M.1928188_904.2811,32.16723639563425,34.807691961442366,41.09150470864094,888Corp,0a:8d:cb:6e:71:6d,44,-95,,06:8d:db:6e:71:be,11,-94,EL5,14:ae:db:3d:b1:55,48,-94,Maxillent_Guest,a2:6c:ac:60:6c:8b,3,-94,Rainbow Guest,a2:6c:ac:f3:6a:69,5,-93,Maxillent,90:6c:ac:60:6c:8b,3,-93,FlixU,cc:b2:55:e5:ce:f3,6,-93,BlueSnap-Guest-2.4GHz,c0:56:27:a0:6c:9a,3,-93,888Corp,0a:8d:db:6e:71:be,11,-90,HP-Print-b7-LaserJet 300,34:23:87:36:c9:b7,1,-90
2017-10-27,16:19:09,NRD90M.1928188_904.2811,32.16738290292402,34.80724915968755,41.313957486288615,INGENEO,cc:b2:55:e8:4c:e6,6,-96,KaymeraDev,00:f6:63:3a:f4:81,1,-96,Rabia,30:b5:c2:bd:52:40,6,-96,Barda,00:78:9e:fa:dc:f4,1,-96,Vexlerar,e4:6f:13:70:97:c4,9,-95,Ester_wifi,84:26:15:eb:2d:b3,11,-95,Home.,a0:ab:1b:62:a7:bc,1,-94,Barda_2,74:da:38:56:ed:e0,1,-93,EL,14:ae:db:3d:b1:52,9,-93,BERTOC-HOT,e0:ce:c3:8a:ad:63,13,-90
2017-10-27,16:19:14,NRD90M.1928188_904.2811,32.167616982375094,34.80662290618607,41.286480770321894,EL5,14:ae:db:3d:b1:55,48,-94,Maxillent_Guest,a2:6c:ac:60:6c:8b,3,-94,Rainbow Guest,a2:6c:ac:f3:6a:69,5,-93,Maxillent,90:6c:ac:60:6c:8b,3,-93,FlixU,cc:b2:55:e5:ce:f3,6,-93,BlueSnap-Guest-2.4GHz,c0:56:27:a0:6c:9a,3,-93,HP-Print-b7-LaserJet 300,34:23:87:36:c9:b7,1,-90,Training Room,8e:15:44:ac:d4:e4,6,-88,RS_GUEST,ec:08:6b:38:0d:0e,12,-86,HP-Print-A0-LaserJet Pro MFP,30:f7:72:6e:8e:a0,6,-79
2017-10-27,16:19:20,NRD90M.1928188_904.2811,32.1677801004292,34.80620000504734,40.76697715347028,INGENEO,cc:b2:55:e8:4c:e6,6,-96,KaymeraDev,00:f6:63:3a:f4:81,1,-96,Rabia,30:b5:c2:bd:52:40,6,-96,Barda,00:78:9e:fa:dc:f4,1,-96,Vexlerar,e4:6f:13:70:97:c4,9,-95,Ester_wifi,84:26:15:eb:2d:b3,11,-95,Home.,a0:ab:1b:62:a7:bc,1,-94,Barda_2,74:da:38:56:ed:e0,1,-93,EL,14:ae:db:3d:b1:52,9,-93,BERTOC-HOT,e0:ce:c3:8a:ad:63,13,-90
2017-10-27,16:19:25,NRD90M.1928188_904.2811,32.16781903373735,34.80613816490372,40.632955766893225,shor_Ext,e2:91:f5:b6:ec:a8,11,-94,DIRECT-17-HP DeskJet 3830 series,94:57:a5:4a:f4:89,11,-94,Annatel_3372.5,74:da:38:a9:0c:43,44,-90,P-HOME,2c:5d:93:11:60:b8,12,-90,Bezeq Free D02536,72:0c:c8:10:c8:12,1,-89,Heifes,20:0c:c8:10:c8:11,1,-88
2017-10-27,16:19:40,NRD90M.1928188_904.2811,32.16802035700693,34.805424308152844,38.97814492833588,Home,14:ae:db:53:0c:2d,6,-94,gabriel,90:8d:78:50:6a:12,11,-93
2017-10-27,16:19:43,NRD90M.1928188_904.2811,32.16808221454276,34.80502513397455,38.81867710591115,shor_Ext,e2:91:f5:b6:ec:a8,11,-94,DIRECT-17-HP DeskJet 3830 series,94:57:a5:4a:f4:89,11,-94,Annatel_3372.5,74:da:38:a9:0c:43,44,-90,P-HOME,2c:5d:93:11:60:b8,12,-90,Bezeq Free D02536,72:0c:c8:10:c8:12,1,-89,Heifes,20:0c:c8:10:c8:11,1,-88
2017-10-27,16:19:49,NRD90M.1928188_904.2811,32.16817330438178,34.804202296540176,38.6204332530914,Home,14:ae:db:53:0c:2d,6,-94,gabriel,90:8d:78:50:6a:12,11,-93
2017-10-27,16:19:51,NRD90M.1928188_904.2811,32.16820290277182,34.8039689303318,38.71756509605181,shor_Ext,e2:91:f5:b6:ec:a8,11,-94,DIRECT-17-HP DeskJet 3830 series,94:57:a5:4a:f4:89,11,-94,Annatel_3372.5,74:da:38:a9:0c:43,44,-90,P-HOME,2c:5d:93:11:60:b8,12,-90,Bezeq Free D02536,72:0c:c8:10:c8:12,1,-89,Heifes,20:0c:c8:10:c8:11,1,-88
2017-10-27,16:19:56,NRD90M.1928188_904.2811,32.16824863345016,34.803616397282674,39.02255411832467,hagit_2.4,6c:b0:ce:33:a4:d5,1,-96,gella555,00:22:b0:75:7d:eb,6,-94,Bezeq Free,5a:b0:ce:33:a4:d6,1,-94,klara-012,c4:12:f5:fd:d1:94,2,-89,HOT123,c0:ac:54:f6:c5:4b,1,-88,Biana_n,14:ae:db:b2:8e:75,11,-85
2017-10-27,16:24:39,NRD90M.1928188_904.2811,32.16777936548807,34.8027710954512,43.800925838180895,Yoels,00:8c:54:8b:ec:e1,6,-97,feelhome,c0:ac:54:f7:3f:be,1,-96,TP-LINK_5GHz_BLITZISR,ec:08:6b:a0:d5:97,40,-95,BezeqFree,6a:12:f5:84:50:41,8,-95,Chen,14:ae:db:30:c9:d2,2,-94,DanAccadia,d8:38:fc:25:9d:28,4,-94,dserota,00:1b:9e:7a:43:13,6,-94,,d8:38:fc:67:19:f8,7,-93,PELEG,14:d6:4d:f4:42:d7,6,-93,Bezeq-N_c5c5a1,5c:d9:98:c5:c5:a2,6,-93
2017-10-27,16:24:53,NRD90M.1928188_904.2811,32.167748736875794,34.80311068748561,45.76948134597095,SHURSH,00:22:3f:80:0d:4e,9,-93,Roikhel,9c:d6:43:23:99:91,6,-89,anna2.4,a0:ab:1b:62:76:ac,2,-89,wingate,70:3a:cb:5f:4f:25,6,-89,opus7,c4:12:f5:84:50:40,8,-88,BezeqFree,6a:12:f5:84:50:41,8,-87,HOTBOX-3A94,c0:ac:54:f8:0c:1f,11,-85,klara-012,c4:12:f5:fd:d1:94,2,-83
2017-10-27,16:25:06,NRD90M.1928188_904.2811,32.168124383652334,34.80404300164531,47.617599284757034,Yoels,00:8c:54:8b:ec:e1,6,-97,Yafim,14:ae:db:32:13:d2,5,-96,dserota,00:1b:9e:7a:43:13,6,-94,Bezeq-N_c5c5a1,5c:d9:98:c5:c5:a2,6,-94,bz46564990,48:ee:0c:3a:19:c7,10,-89,099556880,10:0d:7f:99:bd:b2,11,-88,hagit_2.4,6c:b0:ce:33:a4:d5,1,-83,Bezeq Free,5a:b0:ce:33:a4:d6,1,-81
2017-10-27,16:25:09,NRD90M.1928188_904.2811,32.16807012717975,34.80451829564009,47.5589991436047,shlomo1,00:8c:54:8f:59:51,6,-99,Murad1,f8:d1:11:75:25:64,1,-95,TP-LINK_UKTVWATCH_EXT,8a:1b:5e:83:d7:c2,8,-95,yves,00:90:8f:39:38:60,8,-94,ida,c0:c1:c0:ce:4d:06,11,-94,SHURSH,00:22:3f:80:0d:4e,9,-93,Home2,ac:f1:df:9d:f7:91,11,-90,Roikhel,9c:d6:43:23:99:91,6,-89,anna2.4,a0:ab:1b:62:76:ac,2,-89,wingate,70:3a:cb:5f:4f:25,6,-89
2017-10-27,16:25:10,NRD90M.1928188_904.2811,32.16804885869337,34.80467787412063,47.55695244702102,gella555,00:22:b0:75:7d:eb,6,-96
2017-10-27,16:25:13,NRD90M.1928188_904.2811,32.1679965837446,34.80512462763632,47.488446736545065,Yafim,14:ae:db:32:13:d2,5,-96,Bezeq-N_c5c5a1,5c:d9:98:c5:c5:a2,6,-94
2017-10-27,16:25:17,NRD90M.1928188_904.2811,32.16791299864552,34.8055402036524,47.31571052984631,shlomo1,00:8c:54:8f:59:51,6,-99,Murad1,f8:d1:11:75:25:64,1,-95,TP-LINK_UKTVWATCH_EXT,8a:1b:5e:83:d7:c2,8,-95,yves,00:90:8f:39:38:60,8,-94,ida,c0:c1:c0:ce:4d:06,11,-94,SHURSH,00:22:3f:80:0d:4e,9,-93,Home2,ac:f1:df:9d:f7:91,11,-90,Roikhel,9c:d6:43:23:99:91,6,-89,anna2.4,a0:ab:1b:62:76:ac,2,-89,wingate,70:3a:cb:5f:4f:25,6,-89
2017-10-27,16:25:21,NRD90M.1928188_904.2811,32.16782940660959,34.805736338708385,47.01517831659287,gella555,00:22:b0:75:7d:eb,6,-96
2017-10-27,16:25:25,NRD90M.1928188_904.2811,32.167727587280915,34.80592761936254,46.99102469755074,shor_Ext,e2:91:f5:b6:ec:a8,11,-95,Home,14:ae:db:53:0c:2d,6,-93,Annatel_3372,74:da:38:a9:0c:3e,2,-86
2017-10-27,16:25:39,NRD90M.1928188_904.2811,32.168941978847066,34.80626417804201,47.63028681007018,shlomo1,00:8c:54:8f:59:51,6,-99,Murad1,f8:d1:11:75:25:64,1,-95,TP-LINK_UKTVWATCH_EXT,8a:1b:5e:83:d7:c2,8,-95,shor_Ext,e2:91:f5:b6:ec:a8,11,-95,yves,00:90:8f:39:38:60,8,-94,ida,c0:c1:c0:ce:4d:06,11,-94,Home,14:ae:db:53:0c:2d,6,-93,Home2,ac:f1:df:9d:f7:91,11,-90,Annatel_3372,74:da:38:a9:0c:3e,2,-86
2017-10-27,16:25:41,NRD90M.1928188_904.2811,32.16915802327854,34.80631908447765,48.022361823953524,gattegnio,ec:08:6b:67:fc:c5,6,-96,daniellalovecat-2.4,3c:1e:04:05:cc:6a,7,-95,melsara,10:0d:7f:86:a4:42,11,-85,Melinek,14:ae:db:45:27:5d,11,-67
2017-10-27,16:25:49,NRD90M.1928188_904.2811,32.16997015864624,34.80660032399854,49.19520573145878,shor_Ext,e2:91:f5:b6:ec:a8,11,-95,Home,14:ae:db:53:0c:2d,6,-93,Annatel_3372,74:da:38:a9:0c:3e,2,-86
2017-10-27,16:25:51,NRD90M.1928188_904.2811,32.17019433204196,34.80668250741814,49.178478327439656,gattegnio,ec:08:6b:67:fc:c5,6,-96,daniellalovecat-2.4,3c:1e:04:05:cc:6a,7,-95,melsara,10:0d:7f:86:a4:42,11,-85,Melinek,14:ae:db:45:27:5d,11,-67
2017-10-27,16:25:57,NRD90M.1928188_904.2811,32.17073970264416,34.8069528765298,49.71763452956443,upstairs,d4:6e:0e:cf:bc:ca,6,-90,Bezeq Free,52:f1:df:a0:70:ea,6,-86,rojavi2017,00:1d:aa:0f:59:f0,11,-84,rojavi_EXT,d4:6e:0e:3c:2f:99,11,-84,rojavi,00:50:7f:f1:18:64,11,-69
2017-10-27,16:26:03,NRD90M.1928188_904.2811,32.17131765246347,34.80719154989027,50.78873523162959,gattegnio,ec:08:6b:67:fc:c5,6,-96,daniellalovecat-2.4,3c:1e:04:05:cc:6a,7,-95,melsara,10:0d:7f:86:a4:42,11,-85,Melinek,14:ae:db:45:27:5d,11,-67
2017-10-27,16:26:09,NRD90M.1928188_904.2811,32.17189056898307,34.80746254753361,51.12442568890585,upstairs,d4:6e:0e:cf:bc:ca,6,-90,Bezeq Free,52:f1:df:a0:70:ea,6,-86,rojavi2017,00:1d:aa:0f:59:f0,11,-84,rojavi_EXT,d4:6e:0e:3c:2f:99,11,-84,rojavi,00:50:7f:f1:18:64,11,-69
2017-10-27,16:27:41,NRD90M.1928188_904.2811,32.16989917679963,34.810955821361866,45.36091303530294,edimax_2.4G_A92417,74:da:38:a9:24:17,2,-96,HOTFiber-C5F0,08:6a:0a:57:c1:72,11,-95,alexrath,48:ee:0c:3d:1d:6c,8,-94,oved-main_2EX,74:da:38:97:66:9d,6,-94,  InnovationEndeavors,74:da:38:a9:1c:df,4,-94,HOTBOX-D7AA,00:78:9e:fa:b1:de,1,-93,Bezeq Free F026CC,6a:0c:c8:1d:c8:28,1,-93,upstairs,d4:6e:0e:cf:bc:ca,6,-90,anino_5,90:8d:78:51:9f:57,48,-90,BezeqFree,06:ae:db:4c:d1:55,10,-90
2017-10-27,16:27:43,NRD90M.1928188_904.2811,32.16970896780877,34.81087908987147,45.561860030387635,oved-main,74:da:39:54:b8:1d,6,-96,bait,10:be:f5:3f:b2:ce,7,-93,HOTBOX6,d8:fb:5e:17:62:4d,13,-90,DIRECT-A4-HP OfficeJet 6950,c8:d3:ff:f9:48:a5,1,-85,oved-main_2EX,74:da:38:97:66:9d,6,-79,oved-main,74:da:3a:97:66:9e,6,-77
2017-10-27,16:27:51,NRD90M.1928188_904.2811,32.16888419220148,34.81057832260162,45.102710187743995,edimax_2.4G_A92417,74:da:38:a9:24:17,2,-96,  InnovationEndeavors,74:da:38:a9:1c:df,4,-94,Bezeq Free F026CC,6a:0c:c8:1d:c8:28,1,-93,Neeman2.4,20:0c:c8:1d:c8:2b,1,-87,ZEISS_YEHUDA,00:1d:aa:fb:1f:b0,6,-86
2017-10-27,16:27:53,NRD90M.1928188_904.2811,32.16869113485125,34.81050710096076,44.489720639200534,oved-main,74:da:39:54:b8:1d,6,-96,bait,10:be:f5:3f:b2:ce,7,-93,HOTBOX6,d8:fb:5e:17:62:4d,13,-90,DIRECT-A4-HP OfficeJet 6950,c8:d3:ff:f9:48:a5,1,-85,oved-main_2EX,74:da:38:97:66:9d,6,-79,oved-main,74:da:3a:97:66:9e,6,-77
2017-10-27,16:27:58,NRD90M.1928188_904.2811,32.16818035885044,34.81026982775982,44.16976605560773,terryk,28:c6:8e:37:50:14,11,-96,terry_ap,5c:83:8f:33:bd:68,1,-94,Oberyn Martell,18:d6:c7:fb:1c:0e,8,-89,Levy,f8:ab:05:47:3f:d0,10,-87,kessel_2,90:ef:68:30:6b:69,5,-86,BARON WIFI 2.4,60:e3:27:bf:a1:a5,11,-77
2017-10-27,16:28:03,NRD90M.1928188_904.2811,32.16778360857842,34.81003220007453,43.754024715901444,edimax_2.4G_A92417,74:da:38:a9:24:17,2,-96,  InnovationEndeavors,74:da:38:a9:1c:df,4,-94,Bezeq Free F026CC,6a:0c:c8:1d:c8:28,1,-93,Neeman2.4,20:0c:c8:1d:c8:2b,1,-87,ZEISS_YEHUDA,00:1d:aa:fb:1f:b0,6,-86
2017-10-27,16:28:07,NRD90M.1928188_904.2811,32.16765491327528,34.80990526256212,43.51845960559633,oved-main,74:da:39:54:b8:1d,6,-96,bait,10:be:f5:3f:b2:ce,7,-93,HOTBOX6,d8:fb:5e:17:62:4d,13,-90,DIRECT-A4-HP OfficeJet 6950,c8:d3:ff:f9:48:a5,1,-85,oved-main_2EX,74:da:38:97:66:9d,6,-79,oved-main,74:da:3a:97:66:9e,6,-77
2017-10-27,16:35:09,NRD90M.1928188_904.2811,32.167516638454835,34.80980333608759,51.98350036419641,,fa:8f:ca:81:19:08,48,-97,CArgentina,30:b5:c2:bd:55:32,2,-96,Guest Neetwork MM,94:f6:65:1b:b2:28,5,-94,Ezbob_Guest,0a:8d:db:65:89:a9,1,-94,888Free,06:8d:db:6e:71:6d,1,-93,,02:8d:db:6e:71:c1,11,-93,HP-Print-f3-LaserJet 300,64:27:37:77:d1:f3,6,-93,RS_GUEST_5G,ec:08:6b:38:0d:dc,48,-93,888Free,06:8d:db:6e:71:c1,11,-93,DIRECT-a8-HP M477 LaserJet,aa:6b:ad:04:c6:a8,6,-90
2017-10-27,16:35:15,NRD90M.1928188_904.2811,32.16764040894296,34.8099134689876,55.14163580857301,888Free,06:8d:db:6e:71:bf,1,-85
2017-10-27,16:35:24,NRD90M.1928188_904.2811,32.16768378794421,34.809899150571596,51.452811330989746,KaymeraGuest,00:f6:63:15:58:82,1,-96,888Guest,02:8d:db:6e:71:6d,1,-90,Guest Neetwork MM,94:f6:65:1b:b2:28,5,-89,,06:8d:db:6e:71:be,11,-85
2017-10-27,16:35:40,NRD90M.1928188_904.2811,32.16751493442381,34.809621167520646,46.348109833158,brieftrace,90:8d:78:51:52:fc,12,-93,888Corp,0a:8d:db:6e:71:c1,11,-89,888Free,06:8d:db:6e:71:6d,1,-88,888Free,06:8d:db:6e:71:c1,11,-87
2017-10-27,16:35:46,NRD90M.1928188_904.2811,32.16725206973074,34.80924477842829,45.11899191853336,BARON WIFI 2.4,60:e3:27:bf:a1:a5,11,-90
2017-10-27,16:35:55,NRD90M.1928188_904.2811,32.16690733399158,34.80885618949677,41.80062155506789,KaymeraGuest,00:f6:63:15:58:82,1,-96,EL5,14:ae:db:3d:b1:55,48,-96,888Corp,0a:8d:cb:6e:71:be,44,-93,Crestron_23,10:fe:ed:62:9e:1a,4,-93,ASUS,d0:17:c2:60:e7:38,3,-93,Kopel,00:1d:aa:e2:1a:c0,6,-90,RTI 15,10:fe:ed:62:9e:5c,5,-89,Bezeq2.4,14:ae:db:b3:7b:65,6,-89,888Corp,0a:8d:db:6e:71:bf,1,-88,888Guest,02:8d:db:6e:71:bf,1,-88
2017-10-27,16:36:05,NRD90M.1928188_904.2811,32.1668553973537,34.80876711438546,40.23401344612111,MOULY MAISON,00:78:9e:fa:15:91,1,-98,Efrat Networks MM,94:f6:65:5b:b2:28,5,-93,RS_GUEST,ec:08:6b:38:0d:dd,13,-89,,02:8d:db:6e:71:c1,11,-89,888Corp,0a:8d:db:6e:71:be,11,-87,island-074FA0,50:a7:33:47:4f:a3,6,-87,Mouly,7c:b7:33:2e:76:73,11,-81
2017-10-27,16:36:10,NRD90M.1928188_904.2811,32.166978766852225,34.80839578626845,37.828088870592815,RS_GUEST,ec:08:6b:38:0d:0d,44,-95,dbw,c8:d7:19:0e:ff:95,11,-93,brieftrace,90:8d:78:51:52:fc,12,-89,DIRECT-EA-HP OfficeJet Pro 6960,30:e1:71:c5:17:eb,6,-87,RS_GUEST,ec:08:6b:38:0d:0e,12,-83,0506679780,5a:fe:e3:03:c7:b3,6,-79,BENY PUR,d8:fe:e3:03:c7:b1,6,-78,,fa:8f:ca:93:a5:64,6,-78
2017-10-27,16:36:15,NRD90M.1928188_904.2811,32.16717453256868,34.80785425837527,36.963385177446035,EL5,14:ae:db:3d:b1:55,48,-96,Crestron_23,10:fe:ed:62:9e:1a,4,-93,ASUS,d0:17:c2:60:e7:38,3,-93,Kopel,00:1d:aa:e2:1a:c0,6,-90,RTI 15,10:fe:ed:62:9e:5c,5,-89,Bezeq2.4,14:ae:db:b3:7b:65,6,-89,CMT-ALap,94:10:3e:a8:34:a0,36,-88,Kadabra-AP,00:1d:aa:7c:8c:f8,11,-81,Kadabra-Guest,02:1d:aa:7c:8c:f8,11,-80,BlueSnap-Guest-2.4GHz,00:02:6f:bb:fd:ac,1,-80
2017-10-27,16:36:17,NRD90M.1928188_904.2811,32.16725976522493,34.80760639539493,36.88045367458286,Efrat Networks MM,94:f6:65:5b:b2:28,5,-93
2017-10-27,16:36:19,NRD90M.1928188_904.2811,32.1673523940768,34.80735492467484,36.83549887069002,RS_GUEST,ec:08:6b:38:0d:0d,44,-95,dbw,c8:d7:19:0e:ff:95,11,-93,brieftrace,90:8d:78:51:52:fc,12,-89,DIRECT-EA-HP OfficeJet Pro 6960,30:e1:71:c5:17:eb,6,-87,RS_GUEST,ec:08:6b:38:0d:0e,12,-83,0506679780,5a:fe:e3:03:c7:b3,6,-79,BENY PUR,d8:fe:e3:03:c7:b1,6,-78,,fa:8f:ca:93:a5:64,6,-78
2017-10-27,16:36:23,NRD90M.1928188_904.2811,32.16753527849111,34.80684289357364,36.71254401167357,EL5,14:ae:db:3d:b1:55,48,-96,Crestron_23,10:fe:ed:62:9e:1a,4,-93,ASUS,d0:17:c2:60:e7:38,3,-93,Kopel,00:1d:aa:e2:1a:c0,6,-90,RTI 15,10:fe:ed:62:9e:5c,5,-89,Bezeq2.4,14:ae:db:b3:7b:65,6,-89,CMT-ALap,94:10:3e:a8:34:a0,36,-88,Kadabra-AP,00:1d:aa:7c:8c:f8,11,-81,Kadabra-Guest,02:1d:aa:7c:8c:f8,11,-80,BlueSnap-Guest-2.4GHz,00:02:6f:bb:fd:ac,1,-80
2017-10-27,16:36:26,NRD90M.1928188_904.2811,32.16766253406303,34.80652926307771,36.76422826897981,bendet1,80:1f:02:d7:6b:c8,6,-96,MoragUP,50:c7:bf:8e:67:66,1,-93
2017-10-27,16:36:29,NRD90M.1928188_904.2811,32.16775892730365,34.806271507818366,36.884822605030976,RS_GUEST,ec:08:6b:38:0d:0d,44,-95,dbw,c8:d7:19:0e:ff:95,11,-93,DIRECT-EA-HP OfficeJet Pro 6960,30:e1:71:c5:17:eb,6,-87,RS_GUEST,ec:08:6b:38:0d:0e,12,-83,0506679780,5a:fe:e3:03:c7:b3,6,-79,BENY PUR,d8:fe:e3:03:c7:b1,6,-78,,fa:8f:ca:93:a5:64,6,-78
2017-10-27,16:36:42,NRD90M.1928188_904.2811,32.1678610992266,34.805790392941304,37.437833716952575,hagit_2.4,6c:b0:ce:33:a4:d5,1,-95,shor_Ext,e2:91:f5:b6:ec:a8,11,-94,LeonAP,80:1f:02:36:10:68,11,-94,Annatel_3372,74:da:38:a9:0c:3e,2,-93
2017-10-27,16:38:28,NRD90M.1928188_904.2811,32.16322579365262,34.80626429251393,44.744037382103016,kaymeraQA,cc:16:7e:97:1d:9f,36,-95,ZeroOne 5.0GHz,14:ae:db:3e:de:ed,48,-94,JONEY_2.4,6c:b0:ce:3a:83:4e,1,-94,Zerto,08:5b:0e:67:07:a7,11,-94,DELEK-GROUP,34:db:fd:0a:6b:60,1,-93,Sodyo,14:ae:db:30:59:ca,8,-93,BezeqFree,14:af:db:30:59:ca,8,-93,S&W,82:2a:a8:b5:b7:1a,11,-93,veguest,68:9c:e2:a3:16:51,13,-93,veguest,64:f6:9d:6a:bb:e1,9,-93
2017-10-27,16:38:44,NRD90M.1928188_904.2811,32.163224720161935,34.80624556698297,44.74589491886716,,00:c8:8b:28:28:22,1,-94,GD,f0:9f:c2:f1:c8:5f,1,-93,RTI 15,10:fe:ed:62:9e:5c,5,-93,murraydiane,c4:12:f5:83:aa:0c,11,-88,S&W,82:2a:a8:b5:b7:1a,11,-87,JONEY_2.4,6c:b0:ce:3a:83:4e,1,-87,4dassets,00:08:ca:41:5a:17,7,-85,,88:dc:96:17:c0:9e,6,-85
2017-10-27,16:40:18,NRD90M.1928188_904.2811,32.16173875664971,34.80912745164086,43.87574075489771,siciliano5_5,14:ae:db:c5:69:95,48,-95,GD,f0:9f:c2:f2:c8:5f,36,-95,BigMeeting_5G,74:da:38:b6:ed:91,44,-95,Zerto,08:5b:0e:e8:56:d5,44,-94,Zerto Guests,1a:5b:0e:e8:56:d5,44,-94,,2a:5b:0e:e8:56:d5,44,-94,SETUP,2a:66:bc:ce:e1:75,11,-94,ad-hazem-hr,14:ae:db:30:e7:7a,1,-93,elastifile,46:d9:e7:d7:c6:14,1,-93,HP-Print-83-Officejet Pro 8600,2c:59:e5:ee:8c:83,6,-93
2017-10-27,16:40:34,NRD90M.1928188_904.2811,32.16173875664971,34.80912745164086,43.555554906579225,BigMeeting_5G,74:da:38:b6:ed:91,44,-90,Taykey - Office,e0:10:7f:09:1e:fc,36,-90,Zerto,08:5b:0e:66:b4:43,6,-90,MWTL,ec:8c:a2:49:cc:c8,9,-90,Zero,00:1e:2a:cf:f2:10,11,-90,Matrix HZ WiFi,ec:8c:a2:09:cc:c8,9,-89,MT7601_1,a4:2b:b0:e6:d8:c5,6,-89,ESI-Guest,00:0c:e6:02:8f:c9,36,-88,Taykey - Guest,e0:10:7f:49:1e:fc,36,-88,GDLWIFI,f2:9f:c2:f1:c4:5a,5,-85
2017-10-27,16:42:18,NRD90M.1928188_904.2811,32.165540225673055,34.811647221222564,35.618663970868525,Rhodium-WiFi,70:3a:cb:6a:d0:4f,6,-97,Howazit,1c:b9:c4:0f:44:bc,36,-95,,f0:7f:06:68:aa:6d,36,-95,,f0:7f:06:02:21:3d,44,-95,,f0:7f:06:02:21:3c,44,-95,kiosk_5,14:ae:db:3d:28:7d,48,-95,,f0:7f:06:77:19:bc,48,-95,AppleWiFiSecure,f0:7f:06:77:19:be,48,-95,AzureVault_2.4G,00:1d:aa:d5:aa:48,4,-94,AppleWifi,f0:7f:06:68:aa:6f,36,-94
2017-10-27,16:42:33,NRD90M.1928188_904.2811,32.165540225673055,34.811647221222564,35.44840938456033,,f0:7f:06:02:10:fc,40,-97,,f0:7f:06:02:10:fd,40,-96,,f0:7f:06:77:19:bd,48,-96,V6_guest,3c:1e:04:08:b2:36,1,-93,AppleWiFiSecure,f0:7f:06:02:21:3e,44,-88,,f0:7f:06:02:21:3d,44,-88,GetAlert-GW,70:3a:cb:cf:37:ea,11,-88,,f0:7f:06:02:21:3c,44,-87,,f0:7f:06:68:aa:62,13,-85,DekelE,48:ee:0c:ea:e7:c8,6,-85
28/10/2017,20:10,ONEPLUS A3003_28_171012,32.09038727,34.87862948,56.0,che,48:ee:0c:3c:36:8d,1,-85,Ness,c4:12:f5:f7:4a:40,8,-85,BezeqFree,5a:ee:0c:3c:36:8e,1,-83,Bezeq-NGN_E9CBFB,cc:b2:55:e9:cb:fc,6,-68
28/10/2017,20:10,ONEPLUS A3003_28_171012,32.09033945,34.8785252,50.0,Solomon,10:be:f5:3c:a7:b4,3,-87,Dima,8c:59:c3:ea:db:86,11,-83,DIRECT-A9-HP DeskJet 3830 series,dc:4a:3e:0c:8b:aa,6,-83,Gorge 2.4 G,90:8d:78:54:df:51,5,-83,Partner,42501_10221_1480505,0,-83,igor,14:ae:db:44:fa:bd,1,-81,Ness,c4:12:f5:f7:4a:40,8,-77,HOTBOX-Tatyana,d4:7b:b0:79:ca:1e,1,-74,ester10,c0:ac:54:f5:b5:7b,1,-73
28/10/2017,20:10,ONEPLUS A3003_28_171012,32.09029801,34.8785105,51.0,Partner,42501_10221_1480505,0,-77
28/10/2017,20:11,ONEPLUS A3003_28_171012,32.09026265,34.87842737,56.0,Tina,d0:d4:12:5f:e5:b2,6,-90,Gorge 5G,90:8d:78:54:df:50,48,-88,TP-LINK_2.4GHz_FEC6D9,30:b5:c2:fe:c6:d9,6,-87,DIRECT-F1-HP DeskJet 4670 series,fc:3f:db:e5:74:f2,11,-87,Partner-4G-1E3F,88:28:b3:8a:1e:3f,2,-87,Diana,c0:d9:62:f4:fa:de,11,-85,HOTBOX-3304,c0:ac:54:f8:09:e4,1,-84,Censureded,18:a6:f7:8e:1c:5a,11,-84,Diana,40:65:a3:23:a1:04,11,-82,Solomon,10:be:f5:3c:a7:b4,3,-79
28/10/2017,20:11,ONEPLUS A3003_28_171012,32.09048524,34.87696121,52.0,Tina,d0:d4:12:5f:e5:b2,6,-90,HOTBOX-3D8C,c0:ac:54:f8:36:b3,6,-90,Gorge 5G,90:8d:78:54:df:50,48,-88,Ness,c4:12:f5:f7:4a:40,8,-87,TP-LINK_2.4GHz_FEC6D9,30:b5:c2:fe:c6:d9,6,-87,DIRECT-F1-HP DeskJet 4670 series,fc:3f:db:e5:74:f2,11,-87,Partner-4G-1E3F,88:28:b3:8a:1e:3f,2,-87,Rivka,d0:0e:d9:27:73:53,8,-87,TP-LINK_6C94A6,60:e3:27:6c:94:a6,11,-87,BezeqFree,62:12:f5:fe:f8:d1,11,-86
28/10/2017,20:11,ONEPLUS A3003_28_171012,32.09050935,34.87681355,53.0,Partner,42501_10221_1480509,0,-73
28/10/2017,20:11,ONEPLUS A3003_28_171012,32.09052945,34.87665276,53.0,leana24,c4:12:f5:fe:f8:d0,11,-90,pukas2.4,c4:a8:1d:15:5c:22,1,-90,x018_367790,c4:12:f5:fe:67:9e,1,-88,itzhakm,f8:e9:03:14:70:c1,9,-88,itzhakm-5,f8:e9:03:14:70:c2,48,-87,DIRECT-80-HP DeskJet 3830 series,30:e1:71:fb:82:81,9,-87,Luli ,d8:fb:5e:f5:8e:53,13,-87,jony_5,14:ae:db:32:bc:dd,48,-86,avi_2.4,10:5a:f7:08:7b:35,1,-83,BezeqFree,06:ae:db:b6:8d:b5,1,-83
28/10/2017,20:11,ONEPLUS A3003_28_171012,32.09067595,34.87591729,51.0,BezeqFree,62:12:f5:fe:f8:d1,11,-91,Tina,d0:d4:12:5f:e5:b2,6,-90,Gorge 5G,90:8d:78:54:df:50,48,-88,Ness,c4:12:f5:f7:4a:40,8,-87,TP-LINK_2.4GHz_FEC6D9,30:b5:c2:fe:c6:d9,6,-87,Partner-4G-1E3F,88:28:b3:8a:1e:3f,2,-87,Rivka,d0:0e:d9:27:73:53,8,-87,shmuel1,14:ae:db:42:e1:fd,6,-86,HOTBOX-3D8C,c0:ac:54:f8:36:b3,6,-86,BezeqFree,06:ae:db:49:5e:cd,11,-86
28/10/2017,20:11,ONEPLUS A3003_28_171012,32.09076483,34.8751963,52.0,HOTBOX-5890,6c:2e:85:fe:b6:d1,11,-94,leana24,c4:12:f5:fe:f8:d0,11,-90,pukas2.4,c4:a8:1d:15:5c:22,1,-90,HOTFiber-6F5B,7c:b7:33:ea:b7:97,6,-90,x018_367790,c4:12:f5:fe:67:9e,1,-88,itzhakm,f8:e9:03:14:70:c1,9,-88,Orit,c0:ac:54:f6:2e:e8,11,-88,itzhakm-5,f8:e9:03:14:70:c2,48,-87,DIRECT-80-HP DeskJet 3830 series,30:e1:71:fb:82:81,9,-87,Luli ,d8:fb:5e:f5:8e:53,13,-87
28/10/2017,20:11,ONEPLUS A3003_28_171012,32.09084613,34.87454983,54.0,BezeqFree,62:12:f5:fe:f8:d1,11,-91,Tina,d0:d4:12:5f:e5:b2,6,-90,Gorge 5G,90:8d:78:54:df:50,48,-88,Ness,c4:12:f5:f7:4a:40,8,-87,TP-LINK_2.4GHz_FEC6D9,30:b5:c2:fe:c6:d9,6,-87,Partner-4G-1E3F,88:28:b3:8a:1e:3f,2,-87,Rivka,d0:0e:d9:27:73:53,8,-87,shmuel1,14:ae:db:42:e1:fd,6,-86,HOTBOX-3D8C,c0:ac:54:f8:36:b3,6,-86,BezeqFree,06:ae:db:49:5e:cd,11,-86
28/10/2017,20:11,ONEPLUS A3003_28_171012,32.09085776,34.87439124,54.0,ToTheNet,a0:ab:1b:5e:14:22,4,-89,TP-LINK_B37960,30:b5:c2:b3:79:60,4,-89,Bezeq-a_4B00,6c:2e:85:fe:b5:7e,11,-88,Xiaomi_2DEE,28:6c:07:c4:2d:ef,6,-80
28/10/2017,20:11,ONEPLUS A3003_28_171012,32.0908967,34.87407499,57.0,HOTBOX-5890,6c:2e:85:fe:b6:d1,11,-94,leana24,c4:12:f5:fe:f8:d0,11,-90,pukas2.4,c4:a8:1d:15:5c:22,1,-90,HOTFiber-6F5B,7c:b7:33:ea:b7:97,6,-90,x018_367790,c4:12:f5:fe:67:9e,1,-88,itzhakm,f8:e9:03:14:70:c1,9,-88,Orit,c0:ac:54:f6:2e:e8,11,-88,itzhakm-5,f8:e9:03:14:70:c2,48,-87,Luli ,d8:fb:5e:f5:8e:53,13,-87,jony_5,14:ae:db:32:bc:dd,48,-86
28/10/2017,20:11,ONEPLUS A3003_28_171012,32.09097213,34.87318999,56.0,Itaythepro1_2.4,ec:08:6b:68:02:77,1,-95,Liraz,7c:b7:33:bf:f7:72,7,-93,levi20,00:78:9e:fa:c0:81,1,-92,ToTheNet,a0:ab:1b:5e:14:22,4,-89,TP-LINK_B37960,30:b5:c2:b3:79:60,4,-89,Bezeq-a_4B00,6c:2e:85:fe:b5:7e,11,-88,BezeqFree,06:ae:db:49:5e:cd,11,-86,Moshe,40:65:a3:24:ee:97,1,-86,Eran,a4:2b:8c:97:11:cb,1,-86,328933171,14:ae:db:49:5e:cd,11,-82
28/10/2017,20:11,ONEPLUS A3003_28_171012,32.09098162,34.87301859,56.0,HOTBOX-5890,6c:2e:85:fe:b6:d1,11,-94,HOTFiber-6F5B,7c:b7:33:ea:b7:97,6,-90,Partner,42501_10221_1480509,0,-89,Orit,c0:ac:54:f6:2e:e8,11,-88,Daniel,48:ee:0c:3e:9c:cd,3,-86,Tamir_E,fc:b4:e6:d0:07:f3,1,-86,elad-k,14:ae:db:52:89:75,11,-86,jt255,e8:fc:af:95:43:1d,1,-86,BezeqFree,06:ae:db:b6:8d:b5,1,-84,Ilana,14:ae:db:49:01:35,6,-83
28/10/2017,20:11,ONEPLUS A3003_28_171012,32.09106638,34.87198823,54.0,Itaythepro1_2.4,ec:08:6b:68:02:77,1,-95,Partner,42501_10221_1480509,0,-95,HOTBOX-5890,6c:2e:85:fe:b6:d1,11,-94,Liraz,7c:b7:33:bf:f7:72,7,-93,levi20,00:78:9e:fa:c0:81,1,-92,HOTFiber-6F5B,7c:b7:33:ea:b7:97,6,-90,ToTheNet,a0:ab:1b:5e:14:22,4,-89,TP-LINK_B37960,30:b5:c2:b3:79:60,4,-89,Orit,c0:ac:54:f6:2e:e8,11,-88,Bezeq-a_4B00,6c:2e:85:fe:b5:7e,11,-88
28/10/2017,20:11,ONEPLUS A3003_28_171012,32.09108168,34.87181885,54.0,salma,14:ae:db:59:9b:75,1,-89,BezeqFree,06:ae:db:59:9b:75,1,-88,BezeqFree,06:ae:db:59:9c:05,11,-88,HP-Print-42-Deskjet 4640 series,28:80:23:f6:85:42,6,-88,elinor,e0:ce:c3:86:9a:ec,1,-87,Shahar,30:46:9a:23:bb:74,6,-86,tom123,b0:48:7a:c2:71:de,7,-81,BezeqFree,06:ae:db:37:ab:a5,6,-81,"DIRECT-xy55"" Philips 6158",d2:ae:ec:57:bc:f2,1,-79,shiran,14:ae:db:37:ab:a5,6,-79
28/10/2017,20:11,ONEPLUS A3003_28_171012,32.09115523,34.87115922,54.0,Partner,42501_10221_1448398,0,-99,Arcon_Sat,48:ee:0c:3c:2a:f3,9,-87,stotyak,7c:03:4c:ba:e4:6a,1,-85,TP-LINK_D63A06,00:27:19:d6:3a:06,9,-84,shay,f4:ec:38:b0:77:d8,4,-81
28/10/2017,20:11,ONEPLUS A3003_28_171012,32.09118585,34.87098609,54.0,Itaythepro1_2.4,ec:08:6b:68:02:77,1,-95,Liraz,7c:b7:33:bf:f7:72,7,-93,levi20,00:78:9e:fa:c0:81,1,-92
28/10/2017,20:11,ONEPLUS A3003_28_171012,32.09125802,34.8705555,54.0,Partner,42501_10221_2147483647,0,-97,salma,14:ae:db:59:9b:75,1,-89,BezeqFree,06:ae:db:59:9c:05,11,-88,HP-Print-42-Deskjet 4640 series,28:80:23:f6:85:42,6,-88,elinor,e0:ce:c3:86:9a:ec,1,-87,BezeqFree,06:ae:db:59:9b:75,1,-87,Shahar,30:46:9a:23:bb:74,6,-86,tom123,b0:48:7a:c2:71:de,7,-85,shiran,14:ae:db:37:ab:a5,6,-80,"DIRECT-xy55"" Philips 6158",d2:ae:ec:57:bc:f2,1,-79
28/10/2017,20:12,ONEPLUS A3003_28_171012,32.09129876,34.86988774,56.0,Itaythepro1_2.4,ec:08:6b:68:02:77,1,-95,Liraz,7c:b7:33:bf:f7:72,7,-93,levi20,00:78:9e:fa:c0:81,1,-92,Arcon_Sat,48:ee:0c:3c:2a:f3,9,-87,stotyak,7c:03:4c:ba:e4:6a,1,-85,TP-LINK_D63A06,00:27:19:d6:3a:06,9,-84,shay,f4:ec:38:b0:77:d8,4,-81,jacobr,14:ae:db:c2:2f:a5,11,-80,Constantine,c4:04:15:49:68:30,1,-75
28/10/2017,20:12,ONEPLUS A3003_28_171012,32.09130094,34.86974324,56.0,Partner,42501_10221_2147483647,0,-87
28/10/2017,20:12,ONEPLUS A3003_28_171012,32.09132612,34.86949182,56.0,salma,14:ae:db:59:9b:75,1,-89,BezeqFree,06:ae:db:59:9c:05,11,-88,HP-Print-42-Deskjet 4640 series,28:80:23:f6:85:42,6,-88,elinor,e0:ce:c3:86:9a:ec,1,-87,BezeqFree,06:ae:db:59:9b:75,1,-87,Shahar,30:46:9a:23:bb:74,6,-86,tom123,b0:48:7a:c2:71:de,7,-85,shiran,14:ae:db:37:ab:a5,6,-80,"DIRECT-xy55"" Philips 6158",d2:ae:ec:57:bc:f2,1,-79,BezeqFree,06:ae:db:37:ab:a5,6,-78
28/10/2017,20:12,ONEPLUS A3003_28_171012,32.09139368,34.86870832,57.0,Arcon_Sat,48:ee:0c:3c:2a:f3,9,-87,Partner,42501_10221_2147483647,0,-87,stotyak,7c:03:4c:ba:e4:6a,1,-85,TP-LINK_D63A06,00:27:19:d6:3a:06,9,-84,shay,f4:ec:38:b0:77:d8,4,-81,jacobr,14:ae:db:c2:2f:a5,11,-80,Constantine,c4:04:15:49:68:30,1,-75
28/10/2017,20:12,ONEPLUS A3003_28_171012,32.09143451,34.868505,58.0,HUAWEI_P9_D3F4,02:1a:11:f8:cd:0e,6,-89
28/10/2017,20:12,ONEPLUS A3003_28_171012,32.09161542,34.86699416,53.0,HUAWEI_P9_D3F4,02:1a:11:f8:cd:0e,6,-89,jacobr,14:ae:db:c2:2f:a5,11,-80,Partner,42501_10192_1278690,0,-77,Constantine,c4:04:15:49:68:30,1,-75
28/10/2017,20:12,ONEPLUS A3003_28_171012,32.09163642,34.86639299,53.0,Partner,42501_10192_1278690,0,-65
28/10/2017,20:12,ONEPLUS A3003_28_171012,32.09164442,34.86591824,55.0,HUAWEI_P9_D3F4,02:1a:11:f8:cd:0e,6,-89
28/10/2017,20:12,ONEPLUS A3003_28_171012,32.09171458,34.86516455,52.0,KavimK-wifi,34:0a:12:31:21:75,7,-82,Partner,42501_10192_1278690,0,-65
28/10/2017,20:12,ONEPLUS A3003_28_171012,32.09172718,34.86484638,52.0,HUAWEI_P9_D3F4,02:1a:11:f8:cd:0e,6,-89
28/10/2017,20:12,ONEPLUS A3003_28_171012,32.09179807,34.86397436,51.0,KavimK-wifi,34:0a:12:31:21:75,7,-82,Partner,42501_10192_1278690,0,-61
28/10/2017,20:12,ONEPLUS A3003_28_171012,32.09181503,34.86338304,54.0,YICarCam_boris12345,58:70:c6:fe:2b:cd,7,-89
28/10/2017,20:12,ONEPLUS A3003_28_171012,32.09191292,34.86275618,49.0,KavimK-wifi,34:0a:12:31:21:75,7,-82,Partner,42501_10192_2147483647,0,-73
28/10/2017,20:13,ONEPLUS A3003_28_171012,32.09193916,34.86250364,50.0,Partner,42501_10192_1248709,0,-73
28/10/2017,20:13,ONEPLUS A3003_28_171012,32.09197014,34.86237634,50.0,YICarCam_boris12345,58:70:c6:fe:2b:cd,7,-88,Partner,42501_10192_1248712,0,-75
28/10/2017,20:13,ONEPLUS A3003_28_171012,32.09196996,34.86234519,50.0,Partner,42501_10192_1248712,0,-63
28/10/2017,20:14,ONEPLUS A3003_28_171012,32.09200053,34.86219582,43.0,Partner,42501_10192_1248706,0,-59
28/10/2017,20:14,ONEPLUS A3003_28_171012,32.09206295,34.86176203,43.0,Automazia-Wireless,d4:68:4d:33:93:08,11,-90,DIRECT-A7-HP PageWide Pro 477dw,fe:3f:db:b9:40:a7,6,-85,Partner,42501_10192_1248705,0,-71
28/10/2017,20:14,ONEPLUS A3003_28_171012,32.09208492,34.86136928,42.0,YICarCam_boris12345,58:70:c6:fe:2b:cd,7,-88
28/10/2017,20:14,ONEPLUS A3003_28_171012,32.09212305,34.86075996,44.0,Automazia-Wireless,d4:68:4d:33:93:08,11,-90,DIRECT-A7-HP PageWide Pro 477dw,fe:3f:db:b9:40:a7,6,-85,Partner,42501_10192_1248705,0,-69
28/10/2017,20:14,ONEPLUS A3003_28_171012,32.09217571,34.86040277,45.0,Bezeq_WiFi,10:be:f5:43:84:80,2,-87,,80:1f:02:d7:c2:77,2,-87
28/10/2017,20:14,ONEPLUS A3003_28_171012,32.09218641,34.86023842,46.0,YICarCam_boris12345,58:70:c6:fe:2b:cd,7,-88
28/10/2017,20:14,ONEPLUS A3003_28_171012,32.09219587,34.86013385,47.0,TF-WIFI_392678,02:2f:4f:34:9d:33,1,-91
28/10/2017,20:15,ONEPLUS A3003_28_171012,32.09218707,34.8600917,51.0,Partner,42501_10192_1248705,0,-61
28/10/2017,20:15,ONEPLUS A3003_28_171012,32.09217381,34.86006989,52.0,sch,b4:c7:99:9a:22:a0,11,-91,MizmorGuest,4a:d9:e7:59:4a:c2,3,-78
28/10/2017,20:15,ONEPLUS A3003_28_171012,32.0922021,34.8599072,46.0,sch_free,b4:c7:99:9a:22:a1,11,-90
28/10/2017,20:15,ONEPLUS A3003_28_171012,32.09225908,34.85943686,49.0,Dacia_2.4,80:37:73:de:0a:0a,11,-87
28/10/2017,20:15,ONEPLUS A3003_28_171012,32.09227596,34.8592542,49.0,BezeqFree,06:ae:db:39:65:05,11,-88
28/10/2017,20:15,ONEPLUS A3003_28_171012,32.09229414,34.85889581,48.0,sch,b4:c7:99:9a:22:a0,11,-91,sch_free,b4:c7:99:9a:22:a1,11,-90,MizmorGuest,4a:d9:e7:59:4a:c2,3,-78,Partner,42501_10192_1248705,0,-75
28/10/2017,20:15,ONEPLUS A3003_28_171012,32.09232314,34.85809306,40.0,Kenia-2.4,3c:1e:04:07:87:7d,1,-89,BezeqFree,06:ae:db:39:65:05,11,-88,,88:dc:96:56:7f:11,36,-88,Dacia_2.4,80:37:73:de:0a:0a,11,-87,Partner,42501_10192_1248707,0,-67
28/10/2017,20:15,ONEPLUS A3003_28_171012,32.0924281,34.85675064,67.0,Besheva,48:ee:0c:3e:2c:b9,3,-90,Kenia-2.4,3c:1e:04:07:87:7d,1,-89,amigo-pt_2.4,c4:12:f5:83:9a:8b,1,-89,BezeqFree,06:ae:db:39:65:05,11,-88,,88:dc:96:56:7f:11,36,-88,golan_print,c8:be:19:08:01:e1,11,-88,DIRECT-88-HP OfficeJet Pro 8710,ec:8e:b5:05:27:89,6,-88,Dacia_2.4,80:37:73:de:0a:0a,11,-87,BezeqFree,72:12:f5:f9:b0:6f,8,-87,TP-LINK_3DF8,60:e3:27:e8:3d:f8,1,-85
28/10/2017,20:15,ONEPLUS A3003_28_171012,32.09250039,34.8561583,61.0,Partner,42501_10192_1281305,0,-65
28/10/2017,20:15,ONEPLUS A3003_28_171012,32.09257387,34.85574853,48.0,Besheva,48:ee:0c:3e:2c:b9,3,-90,Kenia-2.4,3c:1e:04:07:87:7d,1,-89,amigo-pt_2.4,c4:12:f5:83:9a:8b,1,-89,BezeqFree,06:ae:db:39:65:05,11,-88,,88:dc:96:56:7f:11,36,-88,golan_print,c8:be:19:08:01:e1,11,-88,DIRECT-88-HP OfficeJet Pro 8710,ec:8e:b5:05:27:89,6,-88,Dacia_2.4,80:37:73:de:0a:0a,11,-87,BezeqFree,72:12:f5:f9:b0:6f,8,-87,TP-LINK_3DF8,60:e3:27:e8:3d:f8,1,-85
28/10/2017,20:16,ONEPLUS A3003_28_171012,32.09261704,34.85515105,46.0,Etzion,00:1d:aa:7c:8a:e4,11,-92,DIRECT-NGPhaser 3020,9e:93:4e:37:e4:29,11,-92,HP-Print-89-Officejet Pro 6830,70:5a:0f:02:e2:89,6,-91,Bezeq Free,14:ae:db:c0:ae:b5,1,-91,yair1976,a0:ab:1b:55:5a:58,1,-88,gal-almagor,14:ae:db:3e:92:c2,5,-87,Bezeq_WiFi,10:be:f5:a8:54:2c,9,-87,Bezeq Free P02D8E,52:0c:c8:11:3d:a2,6,-83,mr-scorpion academy,20:0c:c8:11:3d:a1,6,-81,Partner,42501_10192_1281305,0,-69
28/10/2017,20:16,ONEPLUS A3003_28_171012,32.09263455,34.8546826,45.0,Bezeq_WiFi_5.0,14:ae:db:3e:92:c5,48,-94,Besheva,48:ee:0c:3e:2c:b9,3,-90,amigo-pt_2.4,c4:12:f5:83:9a:8b,1,-89,golan_print,c8:be:19:08:01:e1,11,-88,Highdent,00:1d:aa:7c:97:80,11,-88,Olam Hesed Guest,30:b5:c2:85:25:16,11,-88,BezeqFree,72:12:f5:f9:b0:6f,8,-87,TP-LINK_3DF8,60:e3:27:e8:3d:f8,1,-85,agenda-fogel,14:ae:db:c2:09:9d,1,-85,Peer,00:1d:aa:0e:dc:48,11,-83
28/10/2017,20:16,ONEPLUS A3003_28_171012,32.09266805,34.85388537,43.0,Etzion,00:1d:aa:7c:8a:e4,11,-92,DIRECT-NGPhaser 3020,9e:93:4e:37:e4:29,11,-92,HP-Print-89-Officejet Pro 6830,70:5a:0f:02:e2:89,6,-91,Bezeq Free,14:ae:db:c0:ae:b5,1,-91,Bezeq_WiFi,10:be:f5:a8:54:2c,9,-89,Bezeq Free P02D8E,52:0c:c8:11:3d:a2,6,-89,mr-scorpion academy,20:0c:c8:11:3d:a1,6,-87
28/10/2017,20:16,ONEPLUS A3003_28_171012,32.09278272,34.8532235,44.0,Bezeq_WiFi_5.0,14:ae:db:3e:92:c5,48,-94,Besheva,48:ee:0c:3e:2c:b9,3,-90,amigo-pt_2.4,c4:12:f5:83:9a:8b,1,-89,golan_print,c8:be:19:08:01:e1,11,-88,Highdent,00:1d:aa:7c:97:80,11,-88,Olam Hesed Guest,30:b5:c2:85:25:16,11,-88,osi,54:a2:74:12:b3:50,11,-88,BezeqFree,72:12:f5:f9:b0:6f,8,-87,TP-LINK_3DF8,60:e3:27:e8:3d:f8,1,-85,agenda-fogel,14:ae:db:c2:09:9d,1,-85
28/10/2017,20:16,ONEPLUS A3003_28_171012,32.09281896,34.8527212,43.0,Etzion,00:1d:aa:7c:8a:e4,11,-92,DIRECT-NGPhaser 3020,9e:93:4e:37:e4:29,11,-92,HP-Print-89-Officejet Pro 6830,70:5a:0f:02:e2:89,6,-91,Bezeq Free,14:ae:db:c0:ae:b5,1,-91,Bezeq_WiFi,10:be:f5:a8:54:2c,9,-89,Bezeq Free P02D8E,52:0c:c8:11:3d:a2,6,-89,mr-scorpion academy,20:0c:c8:11:3d:a1,6,-87
28/10/2017,20:16,ONEPLUS A3003_28_171012,32.09282349,34.85259739,43.0,General,bc:30:7e:16:59:51,1,-88,megraligabi,c4:e9:84:2f:85:d6,9,-85
28/10/2017,20:16,ONEPLUS A3003_28_171012,32.09281145,34.85234983,43.0,Partner,42501_10192_1281307,0,-87
28/10/2017,20:16,ONEPLUS A3003_28_171012,32.09278624,34.85170645,41.0,Bezeq_WiFi_5.0,14:ae:db:3e:92:c5,48,-94,Bezeq_WiFi,10:be:f5:a8:54:2c,9,-89,Bezeq Free P02D8E,52:0c:c8:11:3d:a2,6,-89,Highdent,00:1d:aa:7c:97:80,11,-88,Olam Hesed Guest,30:b5:c2:85:25:16,11,-88,osi,54:a2:74:12:b3:50,11,-88,mr-scorpion academy,20:0c:c8:11:3d:a1,6,-87,agenda-fogel,14:ae:db:c2:09:9d,1,-85,Partner,42501_10192_1279786,0,-85,porsche-il,54:a2:74:12:b3:51,11,-84
28/10/2017,20:16,ONEPLUS A3003_28_171012,32.09276946,34.85157567,41.0,General,bc:30:7e:16:59:51,1,-88,megraligabi,c4:e9:84:2f:85:d6,9,-85
28/10/2017,20:16,ONEPLUS A3003_28_171012,32.09270499,34.85114973,41.0,Partner,42501_10192_1251816,0,-81
28/10/2017,20:16,ONEPLUS A3003_28_171012,32.09265138,34.85058414,43.0,osi,54:a2:74:12:b3:50,11,-88,porsche-il,54:a2:74:12:b3:51,11,-84,gal-almagor,14:ae:db:3e:92:c2,5,-76
28/10/2017,20:16,ONEPLUS A3003_28_171012,32.09263878,34.85017422,43.0,Partner,42501_10192_1251823,0,-73
28/10/2017,20:16,ONEPLUS A3003_28_171012,32.09265869,34.85001719,40.0,Partner,42501_10192_1251823,0,-63
28/10/2017,20:16,ONEPLUS A3003_28_171012,32.0926061,34.85003091,34.0,Migdal_Guests,04:bd:88:a2:16:c1,11,-94,Migdal_Guests,04:bd:88:a2:16:d1,36,-93,Migdal_WiFi,04:bd:88:a2:16:d0,36,-90
28/10/2017,20:17,ONEPLUS A3003_28_171012,32.09257953,34.85000339,23.0,Migdal_Guests,04:bd:88:a2:13:e1,1,-92,Migdal_WiFi,04:bd:88:a2:13:e0,1,-89
28/10/2017,20:17,ONEPLUS A3003_28_171012,32.09268462,34.85005221,30.0,Migdal_Guests,04:bd:88:a2:0e:e1,1,-94,Migdal_Guests,04:bd:88:a2:16:d1,36,-85,Partner,42501_10192_1251816,0,-65
28/10/2017,20:17,ONEPLUS A3003_28_171012,32.09271524,34.84954512,39.0,Migdal_WiFi,04:bd:88:a2:15:60,1,-94,Migdal_WiFi,04:bd:88:a2:17:e0,1,-80,Migdal_Guests,04:bd:88:a2:17:e1,1,-79
28/10/2017,20:17,ONEPLUS A3003_28_171012,32.09269956,34.84933016,40.0,Migdal_WiFi,04:bd:88:a2:13:f0,58,-90,Migdal_Guests,04:bd:88:a2:13:f1,58,-90,,88:dc:96:38:3e:5e,2,-87,Migdal_WiFi,04:bd:88:a2:15:60,1,-85,Migdal_Guests,04:bd:88:a2:15:61,1,-82
28/10/2017,20:17,ONEPLUS A3003_28_171012,32.09273005,34.84871887,39.0,Migdal_Guests,04:bd:88:a2:13:e1,1,-91,Partner,42501_10192_1251823,0,-63
28/10/2017,20:17,ONEPLUS A3003_28_171012,32.09274636,34.84830893,41.0,Migdal_WiFi,04:bd:88:a2:13:f0,58,-90,Migdal_Guests,04:bd:88:a2:13:f1,58,-90,,88:dc:96:38:3e:5e,2,-87,Migdal_WiFi,04:bd:88:a2:15:60,1,-85,Migdal_Guests,04:bd:88:a2:15:61,1,-82,Migdal_WiFi,04:bd:88:a2:17:e0,1,-80,Migdal_Guests,04:bd:88:a2:17:e1,1,-79,Partner,42501_10192_1246653,0,-63
28/10/2017,20:18,ONEPLUS A3003_28_171012,32.09264292,34.84763428,40.0,kremer - efal,f4:f2:6d:b1:4f:12,1,-89
28/10/2017,20:18,ONEPLUS A3003_28_171012,32.09258733,34.84720259,41.0,Migdal_WiFi,04:bd:88:a2:13:f0,58,-90,Migdal_Guests,04:bd:88:a2:13:f1,58,-90,,88:dc:96:38:3e:5e,2,-87,Migdal_WiFi,04:bd:88:a2:15:60,1,-85,Migdal_Guests,04:bd:88:a2:15:61,1,-82,Partner,42501_10192_1246653,0,-65
28/10/2017,20:18,ONEPLUS A3003_28_171012,32.0926021,34.84694153,44.0,Partner,42501_10192_1251823,0,-65
28/10/2017,20:18,ONEPLUS A3003_28_171012,32.09283991,34.84665659,43.0,Partner,42501_10192_1251815,0,-71
28/10/2017,20:18,ONEPLUS A3003_28_171012,32.09293776,34.84654544,44.0,kremer - efal,f4:f2:6d:b1:4f:12,1,-89
28/10/2017,20:18,ONEPLUS A3003_28_171012,32.09347206,34.84611852,42.0,Partner,42501_10192_1251815,0,-65
28/10/2017,20:18,ONEPLUS A3003_28_171012,32.09404695,34.84606537,43.0,Partner,42501_10192_1251822,0,-65
28/10/2017,20:18,ONEPLUS A3003_28_171012,32.09515601,34.84611494,43.0,Partner,42501_10192_1251822,0,-65
28/10/2017,20:18,ONEPLUS A3003_28_171012,32.09605849,34.84629387,42.0,,88:dc:96:17:c0:de,2,-84,Partner,42501_10192_1247713,0,-71
28/10/2017,20:18,ONEPLUS A3003_28_171012,32.0975339,34.84676526,38.0,,88:dc:96:17:c0:de,2,-84,Partner,42501_10192_1247713,0,-69
28/10/2017,20:18,ONEPLUS A3003_28_171012,32.09789414,34.84689372,38.0,Partner,42501_10192_1247713,0,-61
28/10/2017,20:18,ONEPLUS A3003_28_171012,32.09864922,34.84717821,38.0,,88:dc:96:17:c0:de,2,-88
28/10/2017,20:18,ONEPLUS A3003_28_171012,32.09923009,34.84740534,37.0,Partner,42501_10192_1247713,0,-51
28/10/2017,20:18,ONEPLUS A3003_28_171012,32.09980809,34.84762607,35.0,,88:dc:96:17:c0:de,2,-88
28/10/2017,20:19,ONEPLUS A3003_28_171012,32.10056465,34.84785357,35.0,Partner,42501_10192_1247713,0,-61
28/10/2017,20:19,ONEPLUS A3003_28_171012,32.10075029,34.84790349,35.0,,88:dc:96:17:c0:de,2,-79
28/10/2017,20:19,ONEPLUS A3003_28_171012,32.10094455,34.84798531,35.0,Partner,42501_10192_2147483647,0,-61
28/10/2017,20:19,ONEPLUS A3003_28_171012,32.10154808,34.84816789,35.0,Partner,42501_10192_1247712,0,-61
28/10/2017,20:19,ONEPLUS A3003_28_171012,32.10212717,34.84830214,36.0,,88:dc:96:17:c0:de,2,-79
28/10/2017,20:19,ONEPLUS A3003_28_171012,32.10293781,34.84848176,39.0,ire_onboarding,00:50:f1:00:4a:10,1,-92,Partner,42501_10192_1247712,0,-57
28/10/2017,20:19,ONEPLUS A3003_28_171012,32.10334671,34.84855947,39.0,,88:dc:96:17:c0:de,2,-79
28/10/2017,20:19,ONEPLUS A3003_28_171012,32.10375293,34.84864987,39.0,Guest,10:bd:18:a6:43:12,1,-91
28/10/2017,20:19,ONEPLUS A3003_28_171012,32.1039678,34.84870881,39.0,ire_onboarding,00:50:f1:00:4a:10,1,-92,Partner,42501_10192_1247712,0,-67
28/10/2017,20:19,ONEPLUS A3003_28_171012,32.10458393,34.84885717,39.0,,88:dc:96:17:c0:de,2,-79
28/10/2017,20:19,ONEPLUS A3003_28_171012,32.10539449,34.849035,38.0,ire_onboarding,00:50:f1:00:4a:10,1,-92,HUAWEI-6714,94:fe:22:46:67:14,6,-92,Guest,10:bd:18:a6:43:12,1,-91,Partner,42501_10192_1247712,0,-71
28/10/2017,20:19,ONEPLUS A3003_28_171012,32.10580833,34.84912803,36.0,,88:dc:96:17:c0:de,2,-79
28/10/2017,20:19,ONEPLUS A3003_28_171012,32.10643842,34.84927923,35.0,ire_onboarding,00:50:f1:00:4a:10,1,-92,HUAWEI-6714,94:fe:22:46:67:14,6,-92,Guest,10:bd:18:a6:43:12,1,-91,Partner,42501_10192_1247712,0,-75
28/10/2017,20:19,ONEPLUS A3003_28_171012,32.10790908,34.84961704,33.0,HUAWEI-6714,94:fe:22:46:67:14,6,-92,Egged.co.il,00:0c:42:51:bb:b8,1,-80,Partner,42501_10192_2147483647,0,-79
28/10/2017,20:19,ONEPLUS A3003_28_171012,32.10831478,34.84970233,33.0,Partner,42501_10192_2147483647,0,-65
28/10/2017,20:19,ONEPLUS A3003_28_171012,32.1089385,34.84984409,32.0,HUAWEI-6714,94:fe:22:46:67:14,6,-92,Egged.co.il,00:0c:42:51:bb:b8,1,-80
28/10/2017,20:19,ONEPLUS A3003_28_171012,32.10956268,34.84998264,33.0,Partner,42501_10192_2147483647,0,-63
28/10/2017,20:19,ONEPLUS A3003_28_171012,32.10998101,34.85007455,33.0,HUAWEI-6714,94:fe:22:46:67:14,6,-92,Egged.co.il,00:0c:42:51:bb:b8,1,-80,Partner,42501_10192_1276263,0,-63
28/10/2017,20:19,ONEPLUS A3003_28_171012,32.11143569,34.85041614,31.0,Egged.co.il,00:0c:42:51:bb:b8,1,-80,Partner,42501_10192_1276263,0,-69
28/10/2017,20:19,ONEPLUS A3003_28_171012,32.11205276,34.85055736,31.0,Partner,42501_10192_1276262,0,-73
28/10/2017,20:20,ONEPLUS A3003_28_171012,32.11285503,34.85073332,32.0,Egged.co.il,00:0c:42:51:bb:b8,1,-80
28/10/2017,20:20,ONEPLUS A3003_28_171012,32.11323898,34.85081072,31.0,Partner,42501_10192_1276262,0,-71
28/10/2017,20:20,ONEPLUS A3003_28_171012,32.11442283,34.85109724,31.0,Partner,42501_10192_1276262,0,-67
28/10/2017,20:20,ONEPLUS A3003_28_171012,32.11553359,34.85134123,33.0,Partner,42501_10131_855317,0,-69
28/10/2017,20:20,ONEPLUS A3003_28_171012,32.11655261,34.85160787,31.0,Partner,42501_10131_855317,0,-65
28/10/2017,20:20,ONEPLUS A3003_28_171012,32.11766611,34.85185811,34.0,Partner,42501_10131_855317,0,-65
28/10/2017,20:20,ONEPLUS A3003_28_171012,32.11849344,34.85207838,34.0,Egged.co.il,6c:fd:b9:68:52:50,1,-90
28/10/2017,20:20,ONEPLUS A3003_28_171012,32.11863333,34.85212649,34.0,Partner,42501_10131_855317,0,-57
28/10/2017,20:20,ONEPLUS A3003_28_171012,32.11922415,34.85236598,35.0,YICarCam_f581fb,58:70:c6:f5:81:fb,6,-73
28/10/2017,20:20,ONEPLUS A3003_28_171012,32.11953343,34.85251481,33.0,Egged.co.il,6c:fd:b9:68:52:50,1,-90
28/10/2017,20:20,ONEPLUS A3003_28_171012,32.11995251,34.85270446,35.0,Partner,42501_10131_855317,0,-57
28/10/2017,20:20,ONEPLUS A3003_28_171012,32.12036765,34.85291092,36.0,YICarCam_f581fb,58:70:c6:f5:81:fb,6,-73
28/10/2017,20:20,ONEPLUS A3003_28_171012,32.12065634,34.85307469,34.0,vYou_DDPai_M6Plus,44:2c:05:d2:f4:32,1,-93,Egged.co.il,6c:fd:b9:68:52:50,1,-90
28/10/2017,20:20,ONEPLUS A3003_28_171012,32.12114107,34.85336222,35.0,Partner,42501_10131_855317,0,-51
28/10/2017,20:20,ONEPLUS A3003_28_171012,32.12146687,34.85358761,35.0,YICarCam_f581fb,58:70:c6:f5:81:fb,6,-73
28/10/2017,20:20,ONEPLUS A3003_28_171012,32.12170635,34.85375172,38.0,vYou_DDPai_M6Plus,44:2c:05:d2:f4:32,1,-90
28/10/2017,20:21,ONEPLUS A3003_28_171012,32.12235271,34.85422459,37.0,Partner,42501_10131_855317,0,-51
28/10/2017,20:21,ONEPLUS A3003_28_171012,32.12257728,34.85440457,37.0,YICarCam_f581fb,58:70:c6:f5:81:fb,6,-73
28/10/2017,20:21,ONEPLUS A3003_28_171012,32.12296111,34.85470493,41.0,vYou_DDPai_M6Plus,44:2c:05:d2:f4:32,1,-90
28/10/2017,20:21,ONEPLUS A3003_28_171012,32.12383654,34.8556201,42.0,HUAWEI-3EA5,10:b1:f8:d9:3e:a5,3,-80,Partner,42501_10131_855317,0,-57
28/10/2017,20:21,ONEPLUS A3003_28_171012,32.12474567,34.85670544,38.0,HUAWEI-3EA5,10:b1:f8:d9:3e:a5,3,-80,Partner,42501_10131_852857,0,-69
28/10/2017,20:21,ONEPLUS A3003_28_171012,32.12502051,34.85708968,41.0,Partner,42501_10131_852857,0,-61
28/10/2017,20:21,ONEPLUS A3003_28_171012,32.12447777,34.85657339,52.0,,88:dc:96:59:79:04,40,-89,HUAWEI-37A5,10:b1:f8:d9:37:a5,3,-73
28/10/2017,20:21,ONEPLUS A3003_28_171012,32.12498981,34.85526675,55.0,,88:dc:96:59:79:04,40,-89,HUAWEI-37A5,10:b1:f8:d9:37:a5,3,-73,Partner,42501_10131_855317,0,-69
28/10/2017,20:22,ONEPLUS A3003_28_171012,32.12547759,34.85425377,54.0,,88:dc:96:59:79:04,40,-89,HUAWEI-37A5,10:b1:f8:d9:37:a5,3,-73,Partner,42501_10131_855317,0,-69
28/10/2017,20:22,ONEPLUS A3003_28_171012,32.12590306,34.85314778,55.0,,88:dc:96:59:79:04,40,-89,HUAWEI-37A5,10:b1:f8:d9:37:a5,3,-73,Partner,42501_10131_855317,0,-63
28/10/2017,20:22,ONEPLUS A3003_28_171012,32.12640266,34.85205615,54.0,,88:dc:96:59:79:04,40,-89,HUAWEI-37A5,10:b1:f8:d9:37:a5,3,-73,Partner,42501_10131_855317,0,-69
28/10/2017,20:22,ONEPLUS A3003_28_171012,32.12688384,34.85095731,56.0,Partner,42501_10131_855308,0,-69
28/10/2017,20:22,ONEPLUS A3003_28_171012,32.12711489,34.85032376,55.0,Partner,42501_10131_855315,0,-69
28/10/2017,20:22,ONEPLUS A3003_28_171012,32.12737562,34.84968974,56.0,Partner,42501_10131_917453,0,-69
28/10/2017,20:22,ONEPLUS A3003_28_171012,32.1278058,34.84850555,59.0,Partner,42501_10131_917453,0,-77
28/10/2017,20:22,ONEPLUS A3003_28_171012,32.12830343,34.84740031,64.0,Partner,42501_10131_917453,0,-77
28/10/2017,20:22,ONEPLUS A3003_28_171012,32.12880838,34.84603344,69.0,Partner,42501_10131_917453,0,-77
28/10/2017,20:23,ONEPLUS A3003_28_171012,32.1293468,34.84476309,74.0,Partner,42501_10131_917453,0,-71
28/10/2017,20:23,ONEPLUS A3003_28_171012,32.13008297,34.84304361,77.0,Partner,42501_10131_917453,0,-71
28/10/2017,20:23,ONEPLUS A3003_28_171012,32.13058008,34.84195764,77.0,Partner,42501_10131_917453,0,-69
28/10/2017,20:23,ONEPLUS A3003_28_171012,32.13091051,34.84104361,80.0,Partner,42501_10131_917453,0,-63
28/10/2017,20:23,ONEPLUS A3003_28_171012,32.13119855,34.84027992,74.0,NIPPON_6002,08:97:58:33:32:fe,1,-92,Partner,42501_10131_917455,0,-83
28/10/2017,20:23,ONEPLUS A3003_28_171012,32.1318137,34.83868554,80.0,NIPPON_6002,08:97:58:33:32:fe,1,-92,Partner,42501_10131_917455,0,-69
28/10/2017,20:23,ONEPLUS A3003_28_171012,32.13221624,34.83762145,77.0,NIPPON_6002,08:97:58:33:32:fe,1,-92,Partner,42501_10131_917455,0,-73
28/10/2017,20:23,ONEPLUS A3003_28_171012,32.13271899,34.83653431,81.0,NIPPON_6002,08:97:58:33:32:fe,1,-92,DansCarCam,58:70:c6:f7:c3:fd,5,-78,Partner,42501_10131_917455,0,-75
28/10/2017,20:23,ONEPLUS A3003_28_171012,32.13362637,34.83505095,77.0,DansCarCam,58:70:c6:f7:c3:fd,5,-78,Partner,42501_10131_2147483647,0,-71
28/10/2017,20:24,ONEPLUS A3003_28_171012,32.13448402,34.83349287,72.0,YICarCam_00c234,58:70:c6:00:c2:34,6,-84,DansCarCam,58:70:c6:f7:c3:fd,5,-78,Partner,42501_10131_852733,0,-73
28/10/2017,20:24,ONEPLUS A3003_28_171012,32.13556967,34.83184749,67.0,YICarCam_00c234,58:70:c6:00:c2:34,6,-84,DansCarCam,58:70:c6:f7:c3:fd,5,-78,Partner,42501_10131_852728,0,-75
28/10/2017,20:24,ONEPLUS A3003_28_171012,32.1362062,34.83057202,64.0,YICarCam_00c234,58:70:c6:00:c2:34,6,-84,Partner,42501_10131_852728,0,-71
28/10/2017,20:24,ONEPLUS A3003_28_171012,32.13669509,34.82926142,59.0,YICarCam_00c234,58:70:c6:00:c2:34,6,-84,Partner,42501_10131_852728,0,-69
28/10/2017,20:24,ONEPLUS A3003_28_171012,32.13711402,34.82787581,61.0,Partner,42501_10131_852728,0,-79
28/10/2017,20:24,ONEPLUS A3003_28_171012,32.13740413,34.82646979,60.0,Partner,42501_10131_852728,0,-89
28/10/2017,20:24,ONEPLUS A3003_28_171012,32.13758243,34.82551615,60.0,Ksolomon Outdoor,dc:9f:db:5a:d4:ed,3,-92,Partner,42501_10131_2147483647,0,-65
28/10/2017,20:24,ONEPLUS A3003_28_171012,32.13783029,34.82435787,54.0,Ksolomon Outdoor,dc:9f:db:5a:d4:ed,3,-92,Partner,42501_10131_2147483647,0,-69
28/10/2017,20:24,ONEPLUS A3003_28_171012,32.1379915,34.82367804,58.0,Partner,42501_10131_891006,0,-63
28/10/2017,20:24,ONEPLUS A3003_28_171012,32.13808182,34.82323537,59.0,Ksolomon Outdoor,dc:9f:db:5a:d4:ed,3,-92
28/10/2017,20:24,ONEPLUS A3003_28_171012,32.13814067,34.82284187,60.0,Partner,42501_10131_891006,0,-57
28/10/2017,20:24,ONEPLUS A3003_28_171012,32.13833157,34.82174473,60.0,Ksolomon Outdoor,dc:9f:db:5a:d4:ed,3,-92,Partner,42501_10131_891006,0,-57
28/10/2017,20:25,ONEPLUS A3003_28_171012,32.13845419,34.82106223,60.0,Partner,42501_10131_891006,0,-51
28/10/2017,20:25,ONEPLUS A3003_28_171012,32.13864484,34.82012297,56.0,Ksolomon Outdoor,dc:9f:db:5a:d4:ed,3,-92
28/10/2017,20:25,ONEPLUS A3003_28_171012,32.1387161,34.81963455,56.0,Partner,42501_10131_891006,0,-57
28/10/2017,20:25,ONEPLUS A3003_28_171012,32.13881159,34.81892292,57.0,Ksolomon Outdoor,dc:9f:db:5a:d4:ed,3,-92,Partner,42501_10131_891004,0,-71
28/10/2017,20:25,ONEPLUS A3003_28_171012,32.13877826,34.8180936,57.0,Partner,42501_10131_891004,0,-61
28/10/2017,20:25,ONEPLUS A3003_28_171012,32.13885359,34.8168643,52.0,Partner,42501_10131_891004,0,-65
28/10/2017,20:25,ONEPLUS A3003_28_171012,32.13874534,34.81554974,54.0,Partner,42501_10131_891004,0,-75
28/10/2017,20:25,ONEPLUS A3003_28_171012,32.13874247,34.81432722,52.0,Partner,42501_10131_891004,0,-77
28/10/2017,20:25,ONEPLUS A3003_28_171012,32.13888958,34.81333853,51.0,Partner,42501_10131_853053,0,-81
28/10/2017,20:25,ONEPLUS A3003_28_171012,32.13910179,34.81224906,48.0,Partner,42501_10131_853053,0,-79
28/10/2017,20:25,ONEPLUS A3003_28_171012,32.13938723,34.81129882,49.0,Partner,42501_10131_853053,0,-73
28/10/2017,20:25,ONEPLUS A3003_28_171012,32.13967611,34.81086067,49.0,Partner,42501_10131_853053,0,-67
28/10/2017,20:25,ONEPLUS A3003_28_171012,32.14108617,34.81038204,46.0,Partner,42501_10131_853053,0,-65
28/10/2017,20:26,ONEPLUS A3003_28_171012,32.1416438,34.81036877,47.0,Partner,42501_10131_853056,0,-69
28/10/2017,20:26,ONEPLUS A3003_28_171012,32.14284875,34.81042947,45.0,Partner,42501_10131_853056,0,-73
28/10/2017,20:26,ONEPLUS A3003_28_171012,32.1440377,34.81065131,44.0,Partner,42501_10131_853056,0,-77
28/10/2017,20:26,ONEPLUS A3003_28_171012,32.14514628,34.81095058,45.0,Partner,42501_10131_853056,0,-77
28/10/2017,20:26,ONEPLUS A3003_28_171012,32.14633696,34.81141431,43.0,Partner,42501_10131_853053,0,-79
28/10/2017,20:26,ONEPLUS A3003_28_171012,32.1471909,34.811688,44.0,Partner,42501_10131_887513,0,-77
28/10/2017,20:26,ONEPLUS A3003_28_171012,32.14825201,34.81208284,44.0,Partner,42501_10131_887513,0,-79
28/10/2017,20:26,ONEPLUS A3003_28_171012,32.14890879,34.81232499,45.0,Partner,42501_10131_887513,0,-71
28/10/2017,20:26,ONEPLUS A3003_28_171012,32.15014964,34.81274392,50.0,Partner,42501_10131_887513,0,-67
28/10/2017,20:26,ONEPLUS A3003_28_171012,32.15138138,34.81322129,51.0,Partner,42501_10131_887513,0,-63
28/10/2017,20:26,ONEPLUS A3003_28_171012,32.1526478,34.81370119,51.0,Partner,42501_10131_887513,0,-63
28/10/2017,20:27,ONEPLUS A3003_28_171012,32.1539384,34.81417935,50.0,Partner,42501_10131_887514,0,-65
28/10/2017,20:27,ONEPLUS A3003_28_171012,32.15527415,34.81466423,50.0,Partner,42501_10131_887514,0,-69
28/10/2017,20:27,ONEPLUS A3003_28_171012,32.1566045,34.81524137,50.0,Partner,42501_10131_887514,0,-69
28/10/2017,20:27,ONEPLUS A3003_28_171012,32.15785731,34.81575136,50.0,Partner,42501_10131_887514,0,-73
28/10/2017,20:27,ONEPLUS A3003_28_171012,32.15893539,34.81614244,51.0,Partner,42501_10131_887514,0,-85
28/10/2017,20:27,ONEPLUS A3003_28_171012,32.16000561,34.81656678,52.0,Partner,42501_10131_887514,0,-89
28/10/2017,20:27,ONEPLUS A3003_28_171012,32.16050468,34.81677874,53.0,Partner,42501_10131_882994,0,-89
28/10/2017,20:27,ONEPLUS A3003_28_171012,32.16158685,34.81716361,54.0,Partner,42501_10131_882994,0,-89
28/10/2017,20:27,ONEPLUS A3003_28_171012,32.1618493,34.81730426,52.0,Partner,42501_10131_888980,0,-89
28/10/2017,20:27,ONEPLUS A3003_28_171012,32.16217455,34.81752706,53.0,Partner,42501_10131_888980,0,-83
28/10/2017,20:27,ONEPLUS A3003_28_171012,32.16136656,34.81839177,53.0,Partner,42501_10131_888980,0,-75
28/10/2017,20:28,ONEPLUS A3003_28_171012,32.16123294,34.81820126,55.0,Partner,42501_10131_888980,0,-69
28/10/2017,20:28,ONEPLUS A3003_28_171012,32.16084519,34.81699317,60.0,Partner,42501_10131_888980,0,-77
28/10/2017,20:28,ONEPLUS A3003_28_171012,32.16074225,34.81643212,61.0,Partner,42501_10131_882990,0,-81
28/10/2017,20:28,ONEPLUS A3003_28_171012,32.16061184,34.8153191,59.0,Partner,42501_10131_882990,0,-79
28/10/2017,20:28,ONEPLUS A3003_28_171012,32.16054205,34.81483091,59.0,Partner,42501_10131_888980,0,-83
28/10/2017,20:28,ONEPLUS A3003_28_171012,32.16039201,34.81346205,49.0,Partner,42501_10131_882990,0,-91,iPhone,3a:65:90:02:b7:a8,1,-90,hy-pack,00:1d:0f:ea:83:59,6,-87
28/10/2017,20:28,ONEPLUS A3003_28_171012,32.16036566,34.81328465,48.0,Partner,42501_10131_861579,0,-99
28/10/2017,20:28,ONEPLUS A3003_28_171012,32.16034521,34.81278234,48.0,Partner,42501_10131_861579,0,-93
28/10/2017,20:28,ONEPLUS A3003_28_171012,32.16033443,34.81241069,46.0,iPhone,3a:65:90:02:b7:a8,1,-90,hy-pack,00:1d:0f:ea:83:59,6,-87
28/10/2017,20:28,ONEPLUS A3003_28_171012,32.16036855,34.81202239,47.0,NIPPON_3422,08:97:58:33:e0:b8,2,-85,Partner,42501_10131_861579,0,-79
28/10/2017,20:29,ONEPLUS A3003_28_171012,32.16030835,34.81197963,44.0,CarDV-WIFI89e5,44:33:4c:20:80:9c,11,-96
28/10/2017,20:29,ONEPLUS A3003_28_171012,32.16031178,34.81197835,43.0,,88:dc:96:17:c1:5c,6,-91,CarDV-WIFI89e5,44:33:4c:20:80:9c,11,-90,Partner,42501_10131_861579,0,-71
28/10/2017,20:30,ONEPLUS A3003_28_171012,32.16042397,34.81155841,39.0,AndroidAP,ac:37:43:a9:d2:5a,6,-90,idc,84:18:3a:bc:ed:d8,11,-87,inPact,84:18:3a:fc:ed:d8,11,-86,DoubleVerify,84:18:3a:7c:ed:d9,11,-86,WW Guest,84:18:3a:3c:ed:d8,11,-86,Ivean,84:18:3a:3c:ed:d9,11,-85,WeWork,84:18:3a:7c:ed:d8,11,-85
28/10/2017,20:30,ONEPLUS A3003_28_171012,32.16068784,34.81081801,38.0,Partner,42501_10131_861579,0,-75
28/10/2017,20:30,ONEPLUS A3003_28_171012,32.16079582,34.81065891,36.0,WeWorkCorp,84:18:3a:3c:ed:dc,36,-92,PlariumGuests,84:18:3a:78:69:fc,52,-92,WiFi01,84:18:3a:38:5c:6c,40,-91,WiFi01,84:18:3a:38:69:fc,52,-90,PlariumGuests,84:18:3a:78:5c:6c,40,-90,Plarium_Dev,84:18:3a:b8:5c:6c,40,-89,Plarium_Dev,84:18:3a:b8:69:fc,52,-89,wifi in car-0632,08:97:58:33:43:18,2,-87,WiFi,a8:bd:27:99:bb:c1,11,-87,Partner-4G-8AB4,b0:89:00:d8:8a:b4,5,-84
28/10/2017,20:30,ONEPLUS A3003_28_171012,32.16094197,34.8104834,36.0,idc,84:18:3a:fc:ed:dc,36,-93,WeWork,84:18:3a:bc:ed:dc,36,-92,WW Guest,e0:10:7f:78:3c:cc,48,-92,WeWork 5Ghz,e0:10:7f:38:3c:cd,48,-91,DoubleVerify,84:18:3a:fc:ed:dd,36,-91,Internet_Bee,84:18:3a:7c:ed:de,36,-91,AndroidAP,ac:37:43:a9:d2:5a,6,-90,WeWork 5Ghz,84:18:3a:3c:ed:dd,36,-90,WeWork,e0:10:7f:b8:3c:cc,48,-90,inPact,84:18:3a:7c:e7:ad,48,-90
28/10/2017,20:30,ONEPLUS A3003_28_171012,32.16131895,34.80999563,36.0,Partner,42501_10131_861579,0,-59
28/10/2017,20:30,ONEPLUS A3003_28_171012,32.16174181,34.80946799,38.0,Bezeq_WiFi,48:ee:0c:3e:8c:e0,9,-96,idc,84:18:3a:fc:ed:dc,36,-93,PlariumGuests,84:18:3a:78:69:fc,52,-92,WeWork,84:18:3a:bc:ed:dc,36,-92,WW Guest,e0:10:7f:78:3c:cc,48,-92,WeWork 5Ghz,e0:10:7f:38:3c:cd,48,-91,DoubleVerify,84:18:3a:fc:ed:dd,36,-91,Internet_Bee,84:18:3a:7c:ed:de,36,-91,Matrix HZ WiFi,ec:8c:a2:09:cc:c8,9,-91,012_2.4,e4:6f:13:73:07:d4,9,-91
28/10/2017,20:30,ONEPLUS A3003_28_171012,32.1619813,34.80952672,41.0,Partner,42501_10131_861581,0,-51
28/10/2017,20:30,ONEPLUS A3003_28_171012,32.16218496,34.80967101,48.0,MWTL,ec:8c:a2:49:cc:f8,3,-91,Matrix HZ WiFi,ec:8c:a2:09:cc:f8,3,-91,Y800Z_4199,24:0a:11:65:41:99,11,-90,MWTL Mobile (POMS),ec:8c:a2:89:cc:f8,3,-90,tandoori,c4:04:15:11:5d:a2,1,-90,BI WIFI,ec:8c:a2:c9:cc:f8,3,-89,Matrix HZ WiFi,ec:8c:a2:08:f1:98,4,-87,HP-Print-ca-LaserJet 400 MFP,0c:84:dc:3e:43:ca,1,-86,225_5eb2c0,a0:ab:1b:5e:b2:c4,9,-84,Office Network,90:a7:c1:0c:50:50,1,-83
28/10/2017,20:30,ONEPLUS A3003_28_171012,32.1623526,34.80978916,51.0,MWTL,ec:8c:a2:48:f1:98,4,-90,MWTL Mobile (POMS),ec:8c:a2:88:f1:98,4,-89,MeetingRoom-Fuji,14:cc:20:ac:a8:ec,8,-84,offise2.4,48:ee:0c:3e:ad:41,8,-77
28/10/2017,20:30,ONEPLUS A3003_28_171012,32.16282313,34.81006761,50.0,Bezeq_WiFi,48:ee:0c:3e:8c:e0,9,-96,,ec:8c:a2:08:f1:99,4,-94,BI WIFI,ec:8c:a2:c8:f1:98,4,-93,Suzanna,10:5a:f7:02:4e:31,1,-92,Matrix HZ WiFi,ec:8c:a2:09:cc:c8,9,-91,012_2.4,e4:6f:13:73:07:d4,9,-91,BI WIFI,ec:8c:a2:c9:cc:c8,9,-91,MWTL,ec:8c:a2:49:cc:c8,9,-91,as-om,a0:ab:1b:5f:51:48,3,-90,,88:dc:96:17:c1:5c,6,-89
28/10/2017,20:31,ONEPLUS A3003_28_171012,32.16314692,34.81029701,52.0,HP-Print-D6-Officejet Pro 8610,fc:15:b4:a7:c3:d6,6,-93,compvision,f8:e9:03:11:b4:83,1,-90,WeDiggIT's Lab Wi-Fi 5GHz,64:a5:c3:6a:0b:a2,6,-89,Maagalim-Guest,26:0a:64:b7:14:16,1,-89,WeDiggIT's Lab Guest,66:a2:0b:6a:c3:a0,6,-89,Bezeq Free,72:b0:ce:ac:37:68,1,-89,,6c:b0:ce:ac:37:6b,1,-88,BezeqNGN_006029Hz_2.4G_1,c4:12:f5:82:33:5a,1,-86,WeDiggIT,64:a5:c3:6a:07:10,11,-81
28/10/2017,20:31,ONEPLUS A3003_28_171012,32.16320456,34.81032714,52.0,Matrix HZ WiFi,ec:8c:a2:08:f1:98,4,-92,Office Network,90:a7:c1:0c:4d:14,10,-86,Office Network,90:a7:c1:0c:50:50,1,-86
28/10/2017,20:31,ONEPLUS A3003_28_171012,32.16344567,34.8104742,54.0,MWTL,ec:8c:a2:48:f1:98,4,-93,axentia,48:a9:d2:86:e3:c0,2,-93,MWTL Mobile (POMS),ec:8c:a2:88:f1:98,4,-91,axentia Guest,4e:a9:d2:86:e3:c0,2,-91,Gavish,00:30:4f:6b:65:40,6,-91,HP-Print-85-Color LaserJet MFP,c4:8e:8f:5f:48:85,1,-91,Voicesense_guest,90:6c:ac:aa:61:a2,11,-85,BezeqNGN_W02A45_2.4GHz_1,20:0c:c8:11:19:7e,1,-85,MeetingRoom-Fuji,14:cc:20:ac:a8:ec,8,-84,Innovation-AfricA,cc:b2:55:e6:11:d8,6,-84
28/10/2017,20:31,ONEPLUS A3003_28_171012,32.16357322,34.8105794,53.0,Partner,42501_10131_852359,0,-59
28/10/2017,20:31,ONEPLUS A3003_28_171012,32.16398945,34.81086727,55.0,,ec:8c:a2:08:f1:99,4,-94,BI WIFI,ec:8c:a2:c8:f1:98,4,-93,Suzanna,10:5a:f7:02:4e:31,1,-92,,88:dc:96:17:c1:5c,6,-89,Micasah2,74:da:38:c3:45:a5,3,-88
28/10/2017,20:31,ONEPLUS A3003_28_171012,32.16414569,34.81096271,55.0,Huawei_ALE_dc74,80:13:82:a7:08:1b,11,-94,Aoffice,00:10:f3:63:f7:67,4,-92,users,2c:c5:d3:10:a6:88,6,-91,Mitrelli_Guest,2c:c5:d3:50:a6:88,6,-90,8084789,80:37:73:e6:96:d2,1,-90,yakov,e8:fc:af:9d:79:78,1,-89,BezeqFree,06:ae:db:b6:59:e5,1,-88,HOTBOX-260D,7c:b7:33:bf:26:13,3,-82
28/10/2017,20:31,ONEPLUS A3003_28_171012,32.16429799,34.81104279,56.0,yakov5,e8:fc:af:9d:79:79,60,-91,MIRI_5,70:62:b8:34:15:47,48,-91,DecorHRZ2-2Ghz,50:c7:bf:8a:79:60,11,-88,bsh-Home-ADSL,50:57:a8:67:11:29,6,-88,,00:26:99:70:ae:c0,1,-88,BezeqNGN_009790_5GHz_1,3c:1e:04:08:b2:37,48,-88,DIRECT-20-HP DeskJet 4670 series,c8:d3:ff:7c:08:21,1,-87,MIRI,70:62:b8:34:15:46,5,-86,yakov,e8:fc:af:9d:79:78,1,-82,Si-o-Net_5,44:94:fc:66:61:46,6,-80
28/10/2017,20:31,ONEPLUS A3003_28_171012,32.16446865,34.81113453,57.0,axentia,48:a9:d2:86:e3:c0,2,-93,axentia Guest,4e:a9:d2:86:e3:c0,2,-91,Gavish,00:30:4f:6b:65:40,6,-91,HP-Print-85-Color LaserJet MFP,c4:8e:8f:5f:48:85,1,-91,Voicesense_guest,90:6c:ac:aa:61:a2,11,-85,BezeqNGN_W02A45_2.4GHz_1,20:0c:c8:11:19:7e,1,-85,Innovation-AfricA,cc:b2:55:e6:11:d8,6,-84,WeDiggIT's Lab Guest,66:f4:25:6a:c3:a0,1,-81,WeDiggIT's Lab Wi-Fi,64:a5:c3:6a:25:f4,1,-81
28/10/2017,20:31,ONEPLUS A3003_28_171012,32.16523969,34.81148737,65.0,Huawei_ALE_dc74,80:13:82:a7:08:1b,11,-94,Aoffice,00:10:f3:63:f7:67,4,-92,users,2c:c5:d3:10:a6:88,6,-91,Mitrelli_Guest,2c:c5:d3:50:a6:88,6,-90,8084789,80:37:73:e6:96:d2,1,-90,DIRECT-qiC48x Series,32:cd:a7:f3:8c:ee,10,-90,BezeqFree,06:ae:db:b6:59:e5,1,-88,Stratoscale,00:35:1a:d3:50:20,1,-88,HOTBOX-260D,7c:b7:33:bf:26:13,3,-87,V6_guest,3c:1e:04:08:b2:36,1,-87
28/10/2017,20:31,ONEPLUS A3003_28_171012,32.16532378,34.81148912,64.0,yakov5,e8:fc:af:9d:79:79,60,-91,MIRI_5,70:62:b8:34:15:47,48,-91,DecorHRZ2-2Ghz,50:c7:bf:8a:79:60,11,-88,bsh-Home-ADSL,50:57:a8:67:11:29,6,-88,,00:26:99:70:ae:c0,1,-88,BezeqNGN_009790_5GHz_1,3c:1e:04:08:b2:37,48,-88,DIRECT-20-HP DeskJet 4670 series,c8:d3:ff:7c:08:21,1,-87,MIRI,70:62:b8:34:15:46,5,-86,yakov,e8:fc:af:9d:79:78,1,-82,Si-o-Net_5,44:94:fc:66:61:46,6,-80
28/10/2017,20:31,ONEPLUS A3003_28_171012,32.1656511,34.81150892,63.0,axentia,48:a9:d2:86:e3:c0,2,-93,axentia Guest,4e:a9:d2:86:e3:c0,2,-91,Gavish,00:30:4f:6b:65:40,6,-91,HP-Print-85-Color LaserJet MFP,c4:8e:8f:5f:48:85,1,-91,Voicesense_guest,90:6c:ac:aa:61:a2,11,-85,BezeqNGN_W02A45_2.4GHz_1,20:0c:c8:11:19:7e,1,-85,Innovation-AfricA,cc:b2:55:e6:11:d8,6,-84,WeDiggIT's Lab Guest,66:f4:25:6a:c3:a0,1,-81,WeDiggIT's Lab Wi-Fi,64:a5:c3:6a:25:f4,1,-81
28/10/2017,20:31,ONEPLUS A3003_28_171012,32.16580265,34.81146383,64.0,DELL_Guest,00:24:6c:34:dc:41,11,-87,KD_Office_3,74:da:38:b0:67:d6,4,-86,  InnovationEndeavors,74:da:38:a9:1c:df,4,-85,JOSHUA,14:ae:db:3d:c0:92,1,-84,dbwguest,ce:d7:19:0e:ff:95,11,-84,Rhodium-WiFi-guest,72:3a:cb:6a:ca:ac,1,-82,Edimax AP,80:1f:02:5d:a4:b8,11,-82,HP-Print-82-LaserJet 200 color,68:94:23:24:b1:82,6,-82,Rhodium-WiFi,70:3a:cb:6a:ca:ae,1,-81,Gandyr-right,74:da:38:3b:d8:08,6,-80
28/10/2017,20:31,ONEPLUS A3003_28_171012,32.16583507,34.81137326,60.0,3MGuest,00:16:9c:92:1d:c1,1,-92,Bezeq Free,62:b0:ce:2f:4b:3c,1,-91,Hyundai,14:ae:db:c8:24:1d,1,-90,,e8:fc:af:9c:65:c1,1,-87,DIRECT-a7-HP M477 LaserJet,42:49:0f:37:21:a7,6,-85,Playrix2.4G,f2:9f:c2:91:07:b0,11,-82,Rhodium-WiFi-guest,72:3a:cb:6a:d0:4c,6,-74
28/10/2017,20:31,ONEPLUS A3003_28_171012,32.16611415,34.81035795,58.0,DIRECT-VsWorkCentre 3335,9e:93:4e:78:d6:3e,1,-94,3MGuest,00:16:9c:92:1d:c1,1,-92,Bezeq Free,62:b0:ce:2f:4b:3c,1,-91,,88:dc:96:4b:ee:f3,1,-91,Hyundai,14:ae:db:c8:24:1d,1,-90,Training Room,8e:15:54:ac:d4:e4,44,-90,Stratoscale,00:35:1a:d3:50:20,1,-88,JOSHUA,14:ae:db:3d:c0:92,1,-88,V6_guest,3c:1e:04:08:b2:36,1,-87,DELL_Guest,00:24:6c:34:dc:41,11,-87
28/10/2017,20:32,ONEPLUS A3003_28_171012,32.16644649,34.80959032,57.0,kopel_guest,d8:5d:4c:d9:9e:ee,1,-92,Ezbob_WiFi,0c:8d:db:65:8e:b1,6,-91,bacapital_5,6c:b0:ce:ab:5a:a2,60,-90,HP-Print-A0-LaserJet Pro MFP,30:f7:72:6e:8e:a0,6,-90,HP-Print-b7-LaserJet 300,34:23:87:36:c9:b7,1,-85,CMT-ALap,94:10:3e:a8:34:a0,36,-81,CArgentina,30:b5:c2:bd:55:32,2,-81
28/10/2017,20:32,ONEPLUS A3003_28_171012,32.16649294,34.80949232,57.0,Ezbob_Guest,06:02:6f:12:34:56,1,-90,Pitarohecht,00:02:6f:a6:f1:f3,1,-78
28/10/2017,20:32,ONEPLUS A3003_28_171012,32.16669516,34.80902622,53.0,DIRECT-VsWorkCentre 3335,9e:93:4e:78:d6:3e,1,-94,3MGuest,00:16:9c:92:1d:c1,1,-92,Bezeq Free,62:b0:ce:2f:4b:3c,1,-91,,88:dc:96:4b:ee:f3,1,-91,Hyundai,14:ae:db:c8:24:1d,1,-90,Training Room,8e:15:54:ac:d4:e4,44,-90,JOSHUA,14:ae:db:3d:c0:92,1,-88,,e8:fc:af:9c:65:c1,1,-87,Rhodium-WiFi-guest,72:3a:cb:6a:ca:ac,1,-86,dbwguest,ce:d7:19:0e:ff:95,11,-86
28/10/2017,20:32,ONEPLUS A3003_28_171012,32.16698918,34.8083837,51.0,kopel_guest,d8:5d:4c:d9:9e:ee,1,-92,Ezbob_WiFi,0c:8d:db:65:8e:b1,6,-91,bacapital_5,6c:b0:ce:ab:5a:a2,60,-90,Ezbob_Guest,06:02:6f:12:34:56,1,-90,CMT-ALap,94:10:3e:a8:34:a0,36,-86,HP-Print-b7-LaserJet 300,34:23:87:36:c9:b7,1,-85,CArgentina,30:b5:c2:bd:55:32,2,-81,Partner,42501_10131_2147483647,0,-81,Pitarohecht,00:02:6f:a6:f1:f3,1,-78
28/10/2017,20:32,ONEPLUS A3003_28_171012,32.16712009,34.80806405,50.0,Partner,42501_10131_853910,0,-81
28/10/2017,20:32,ONEPLUS A3003_28_171012,32.16721229,34.80794003,48.0,DIRECT-EA-HP OfficeJet Pro 6960,30:e1:71:c5:17:eb,6,-92,,88:dc:96:4b:ee:f3,1,-91,506679780,5a:fe:e3:03:c7:b3,6,-91,Training Room,8e:15:54:ac:d4:e4,44,-90,BENY PUR,d8:fe:e3:03:c7:b1,6,-87,Home.,a0:ab:1b:62:a7:bc,2,-87,,fa:8f:ca:93:a5:64,6,-87,dbwguest,ce:d7:19:0e:ff:95,11,-86,Training Room,8e:15:44:ac:d4:e4,6,-86,sulam,90:6c:ac:c7:95:cd,11,-85
28/10/2017,20:32,ONEPLUS A3003_28_171012,32.16726886,34.80787979,47.0,Vexlerar_2EX,74:da:38:cc:d8:80,9,-90
28/10/2017,20:32,ONEPLUS A3003_28_171012,32.16839084,34.80837957,46.0,Home.,a0:ab:1b:62:a7:bc,2,-94,Partner,42501_10131_852361,0,-93,DIRECT-EA-HP OfficeJet Pro 6960,30:e1:71:c5:17:eb,6,-92,ORBI Tal,a2:3d:cf:fb:0c:b8,8,-92,Vexlerar_2EX,74:da:38:cc:d8:80,9,-90,506679780,5a:fe:e3:03:c7:b3,6,-88,,a6:3d:cf:fb:0c:b8,8,-88,BENY PUR,d8:fe:e3:03:c7:b1,6,-87,,fa:8f:ca:93:a5:64,6,-87,CMT-ALap,94:10:3e:a8:34:a0,36,-86
